<?xml version='1.0' encoding='US-ASCII' ?>
<LWPR nIn='2' nOut='1' kernel='Gaussian'>
	<integer name='n_data'> 10000 </integer>
	<vector name='mean_x' length='2'>
	 -3.704953e-03
	 -1.312131e-03
	</vector>
	<vector name='var_x' length='2'>
	     0.336596
	     0.339502
	</vector>
	<integer name='diag_only'> 1 </integer>
	<integer name='update_D'> 1 </integer>
	<integer name='meta'> 0 </integer>
	<scalar name='meta_rate'>   250.000000 </scalar>
	<scalar name='penalty'> 1.000000e-06 </scalar>
	<matrix name='init_alpha' rows='2' columns='2'>
	   250.000000   250.000000
	   250.000000   250.000000
	</matrix>
	<vector name='norm_in' length='2'>
	     1.000000
	     1.000000
	</vector>
	<vector name='norm_out' length='1'>
	     1.000000
	</vector>
	<matrix name='init_D' rows='2' columns='2'>
	    50.000000     0.000000
	     0.000000    50.000000
	</matrix>
	<matrix name='init_M' rows='2' columns='2'>
	     7.071068     0.000000
	     0.000000     7.071068
	</matrix>
	<scalar name='w_gen'>     0.100000 </scalar>
	<scalar name='w_prune'>     1.000000 </scalar>
	<scalar name='init_lambda'>     0.999000 </scalar>
	<scalar name='final_lambda'>     0.999990 </scalar>
	<scalar name='tau_lambda'>     0.999900 </scalar>
	<scalar name='init_S2'> 1.000000e-10 </scalar>
	<scalar name='add_threshold'>     0.500000 </scalar>
	<SubModel out_dim='0' numRFS='41'>
		<integer name='n_pruned'> 0 </integer>
		<ReceptiveField nReg='2'>
			<matrix name='D' rows='2' columns='2'>
			    60.477699     0.000000
			     0.000000   119.811079
			</matrix>
			<matrix name='M' rows='2' columns='2'>
			     7.776741     0.000000
			     0.000000    10.945825
			</matrix>
			<matrix name='alpha' rows='2' columns='2'>
			   250.000000   250.000000
			   250.000000   250.000000
			</matrix>
			<scalar name='beta0'>     0.679333 </scalar>
			<vector name='beta' length='2'>
			     1.310078
			     0.311449
			</vector>
			<vector name='c' length='2'>
			    -0.574084
			    -0.051838
			</vector>
			<matrix name='SXresYres' rows='2' columns='2'>
			     0.602870    -0.536053
			     2.429840     0.319901
			</matrix>
			<vector name='SSs2' length='2'>
			     1.165338
			     1.145465
			</vector>
			<vector name='SSYres' length='2'>
			     1.526684
			     0.356754
			</vector>
			<matrix name='SSXres' rows='2' columns='2'>
			     0.544365    -1.226319
			     1.029731     0.384696
			</matrix>
			<matrix name='U' rows='2' columns='2'>
			     0.240810    -0.858714
			     0.970572     0.512455
			</matrix>
			<matrix name='P' rows='2' columns='2'>
			     0.467130    -1.070587
			     0.883633     0.335843
			</matrix>
			<vector name='H' length='2'>
			     0.409366
			     0.073960
			</vector>
			<vector name='r' length='2'>
			     0.015673
			     0.012902
			</vector>
			<matrix name='h' rows='2' columns='2'>
			     0.000000     0.000000
			     0.000000     0.000000
			</matrix>
			<matrix name='b' rows='2' columns='2'>
			     5.521461     5.521461
			     0.000000     5.521461
			</matrix>
			<vector name='sum_w' length='2'>
			   112.394284
			   112.394284
			</vector>
			<vector name='sum_e_cv2' length='2'>
			     6.932511
			     6.853097
			</vector>
			<scalar name='sum_e2'>     6.720128 </scalar>
			<scalar name='SSp'>     1.427326 </scalar>
			<vector name='n_data' length='2'>
			   779.980755
			   779.980755
			</vector>
			<integer name='trustworthy'> 1 </integer>
			<vector name='lambda' length='2'>
			     0.999126
			     0.999126
			</vector>
			<vector name='mean_x' length='2'>
			    -0.572461
			    -0.053594
			</vector>
			<vector name='var_x' length='2'>
			     0.015189
			     0.010225
			</vector>
			<scalar name='w'> 0.0 </scalar>
			<vector name='s' length='2'>
			     0.330549
			    -0.061819
			</vector>
		</ReceptiveField>
		<ReceptiveField nReg='2'>
			<matrix name='D' rows='2' columns='2'>
			    99.176850     0.000000
			     0.000000    50.191075
			</matrix>
			<matrix name='M' rows='2' columns='2'>
			     9.958757     0.000000
			     0.000000     7.084566
			</matrix>
			<matrix name='alpha' rows='2' columns='2'>
			   250.000000   250.000000
			   250.000000   250.000000
			</matrix>
			<scalar name='beta0'>     0.902274 </scalar>
			<vector name='beta' length='2'>
			    -0.107957
			     0.016587
			</vector>
			<vector name='c' length='2'>
			 6.080390e-03
			 6.839350e-01
			</vector>
			<matrix name='SXresYres' rows='2' columns='2'>
			    -0.051453    -0.012549
			    -0.007925    -0.165544
			</matrix>
			<vector name='SSs2' length='2'>
			     1.989028
			     1.868216
			</vector>
			<vector name='SSYres' length='2'>
			    -0.214730
			     0.030989
			</vector>
			<matrix name='SSXres' rows='2' columns='2'>
			     0.285113     0.154837
			    -0.778068    -1.898704
			</matrix>
			<matrix name='U' rows='2' columns='2'>
			    -0.988346    -0.075588
			    -0.152224    -0.997139
			</matrix>
			<matrix name='P' rows='2' columns='2'>
			     0.143343     0.082879
			    -0.391180    -1.016320
			</matrix>
			<vector name='H' length='2'>
			     0.363688
			    -0.371250
			</vector>
			<vector name='r' length='2'>
			 9.749084e-03
			 1.153804e-02
			</vector>
			<matrix name='h' rows='2' columns='2'>
			     0.000000     0.000000
			     0.000000     0.000000
			</matrix>
			<matrix name='b' rows='2' columns='2'>
			     5.521461     5.521461
			     0.000000     5.521461
			</matrix>
			<vector name='sum_w' length='2'>
			   135.177375
			   135.177375
			</vector>
			<vector name='sum_e_cv2' length='2'>
			     2.910520
			     2.930600
			</vector>
			<scalar name='sum_e2'>     3.030024 </scalar>
			<scalar name='SSp'>     1.954183 </scalar>
			<vector name='n_data' length='2'>
			   791.613588
			   791.613588
			</vector>
			<integer name='trustworthy'> 1 </integer>
			<vector name='lambda' length='2'>
			     0.999129
			     0.999129
			</vector>
			<vector name='mean_x' length='2'>
			     0.011353
			     0.689328
			</vector>
			<vector name='var_x' length='2'>
			     0.010867
			     0.017664
			</vector>
			<scalar name='w'> 0.0 </scalar>
			<vector name='s' length='2'>
			     0.044773
			     0.291073
			</vector>
		</ReceptiveField>
		<ReceptiveField nReg='2'>
			<matrix name='D' rows='2' columns='2'>
			    45.729090     0.000000
			     0.000000    46.755726
			</matrix>
			<matrix name='M' rows='2' columns='2'>
			     6.762329     0.000000
			     0.000000     6.837816
			</matrix>
			<matrix name='alpha' rows='2' columns='2'>
			   250.000000   250.000000
			   250.000000   250.000000
			</matrix>
			<scalar name='beta0'> -5.668941e-04 </scalar>
			<vector name='beta' length='2'>
			     0.040138
			     0.021229
			</vector>
			<vector name='c' length='2'>
			    -0.907081
			     0.825995
			</vector>
			<matrix name='SXresYres' rows='2' columns='2'>
			     0.166905     0.126478
			     0.000435    -0.024318
			</matrix>
			<vector name='SSs2' length='2'>
			     1.620304
			     0.869123
			</vector>
			<vector name='SSYres' length='2'>
			     0.065036
			     0.018450
			</vector>
			<matrix name='SSXres' rows='2' columns='2'>
			     0.895894     0.607534
			     0.591981     0.328187
			</matrix>
			<matrix name='U' rows='2' columns='2'>
			     0.999997     0.982013
			     0.002609    -0.188813
			</matrix>
			<matrix name='P' rows='2' columns='2'>
			     0.552917     0.699019
			     0.365352     0.377607
			</matrix>
			<vector name='H' length='2'>
			     0.116988
			     0.124053
			</vector>
			<vector name='r' length='2'>
			 4.911807e-03
			 3.324154e-03
			</vector>
			<matrix name='h' rows='2' columns='2'>
			     0.000000     0.000000
			     0.000000     0.000000
			</matrix>
			<matrix name='b' rows='2' columns='2'>
			     5.521461     5.521461
			     0.000000     5.521461
			</matrix>
			<vector name='sum_w' length='2'>
			   133.604321
			   133.604321
			</vector>
			<vector name='sum_e_cv2' length='2'>
			     1.214063
			     1.219147
			</vector>
			<scalar name='sum_e2'>     1.205519 </scalar>
			<scalar name='SSp'>     2.007357 </scalar>
			<vector name='n_data' length='2'>
			   639.759485
			   639.759485
			</vector>
			<integer name='trustworthy'> 1 </integer>
			<vector name='lambda' length='2'>
			     0.999092
			     0.999092
			</vector>
			<vector name='mean_x' length='2'>
			    -0.837558
			     0.785141
			</vector>
			<vector name='var_x' length='2'>
			     0.010756
			     0.013858
			</vector>
			<scalar name='w'> 0.0 </scalar>
			<vector name='s' length='2'>
			     0.286616
			     0.161633
			</vector>
		</ReceptiveField>
		<ReceptiveField nReg='2'>
			<matrix name='D' rows='2' columns='2'>
			    55.892087     0.000000
			     0.000000    70.772760
			</matrix>
			<matrix name='M' rows='2' columns='2'>
			     7.476101     0.000000
			     0.000000     8.412655
			</matrix>
			<matrix name='alpha' rows='2' columns='2'>
			   250.000000   250.000000
			   250.000000   250.000000
			</matrix>
			<scalar name='beta0'>     0.159240 </scalar>
			<vector name='beta' length='2'>
			     0.861186
			     0.033168
			</vector>
			<vector name='c' length='2'>
			     0.574029
			    -0.392664
			</vector>
			<matrix name='SXresYres' rows='2' columns='2'>
			    -2.864637     0.046662
			     1.928591     0.151785
			</matrix>
			<vector name='SSs2' length='2'>
			     2.114214
			     1.611076
			</vector>
			<vector name='SSYres' length='2'>
			     1.820731
			     0.053436
			</vector>
			<matrix name='SSXres' rows='2' columns='2'>
			    -1.852097     1.062857
			     1.047205     1.432944
			</matrix>
			<matrix name='U' rows='2' columns='2'>
			    -0.829525     0.293848
			     0.558470     0.955852
			</matrix>
			<matrix name='P' rows='2' columns='2'>
			    -0.876022     0.659719
			     0.495317     0.889433
			</matrix>
			<vector name='H' length='2'>
			    -0.065088
			    -0.046307
			</vector>
			<vector name='r' length='2'>
			 5.198692e-03
			 4.577218e-03
			</vector>
			<matrix name='h' rows='2' columns='2'>
			     0.000000     0.000000
			     0.000000     0.000000
			</matrix>
			<matrix name='b' rows='2' columns='2'>
			     5.521461     5.521461
			     0.000000     5.521461
			</matrix>
			<vector name='sum_w' length='2'>
			   123.831640
			   123.831640
			</vector>
			<vector name='sum_e_cv2' length='2'>
			     1.920997
			     1.934743
			</vector>
			<scalar name='sum_e2'>     1.895425 </scalar>
			<scalar name='SSp'>     1.114556 </scalar>
			<vector name='n_data' length='2'>
			   892.131952
			   892.131952
			</vector>
			<integer name='trustworthy'> 1 </integer>
			<vector name='lambda' length='2'>
			     0.999160
			     0.999160
			</vector>
			<vector name='mean_x' length='2'>
			     0.567147
			    -0.395819
			</vector>
			<vector name='var_x' length='2'>
			     0.019636
			     0.015419
			</vector>
			<scalar name='w'>     0.040118 </scalar>
			<vector name='s' length='2'>
			    -0.253168
			     0.206270
			</vector>
		</ReceptiveField>
		<ReceptiveField nReg='2'>
			<matrix name='D' rows='2' columns='2'>
			    58.476565     0.000000
			     0.000000    56.176784
			</matrix>
			<matrix name='M' rows='2' columns='2'>
			     7.646997     0.000000
			     0.000000     7.495117
			</matrix>
			<matrix name='alpha' rows='2' columns='2'>
			   250.000000   250.000000
			   250.000000   250.000000
			</matrix>
			<scalar name='beta0'>     0.533041 </scalar>
			<vector name='beta' length='2'>
			     1.936904
			     0.053410
			</vector>
			<vector name='c' length='2'>
			     0.286560
			     0.420567
			</vector>
			<matrix name='SXresYres' rows='2' columns='2'>
			    -8.053767    -0.105720
			    -1.830748     0.227159
			</matrix>
			<vector name='SSs2' length='2'>
			     2.223772
			     2.147045
			</vector>
			<vector name='SSYres' length='2'>
			     4.307234
			     0.114674
			</vector>
			<matrix name='SSXres' rows='2' columns='2'>
			    -2.155370    -0.513986
			    -0.551436     2.217746
			</matrix>
			<matrix name='U' rows='2' columns='2'>
			    -0.975124    -0.421945
			    -0.221661     0.906622
			</matrix>
			<matrix name='P' rows='2' columns='2'>
			    -0.969240    -0.239392
			    -0.247973     1.032930
			</matrix>
			<vector name='H' length='2'>
			 -9.127453e-03
			 -3.280319e-02
			</vector>
			<vector name='r' length='2'>
			 5.999949e-03
			 7.663941e-03
			</vector>
			<matrix name='h' rows='2' columns='2'>
			     0.000000     0.000000
			     0.000000     0.000000
			</matrix>
			<matrix name='b' rows='2' columns='2'>
			     5.521461     5.521461
			     0.000000     5.521461
			</matrix>
			<vector name='sum_w' length='2'>
			   129.731992
			   129.731992
			</vector>
			<vector name='sum_e_cv2' length='2'>
			     2.148017
			     2.154094
			</vector>
			<scalar name='sum_e2'>     2.114566 </scalar>
			<scalar name='SSp'>     1.108294 </scalar>
			<vector name='n_data' length='2'>
			   914.358957
			   914.358957
			</vector>
			<integer name='trustworthy'> 1 </integer>
			<vector name='lambda' length='2'>
			     0.999167
			     0.999167
			</vector>
			<vector name='mean_x' length='2'>
			     0.279534
			     0.419571
			</vector>
			<vector name='var_x' length='2'>
			     0.017118
			     0.019240
			</vector>
			<scalar name='w'> 0.0 </scalar>
			<vector name='s' length='2'>
			    -0.472565
			    -0.084665
			</vector>
		</ReceptiveField>
		<ReceptiveField nReg='2'>
			<matrix name='D' rows='2' columns='2'>
			    58.893199     0.000000
			     0.000000    53.702999
			</matrix>
			<matrix name='M' rows='2' columns='2'>
			     7.674190     0.000000
			     0.000000     7.328233
			</matrix>
			<matrix name='alpha' rows='2' columns='2'>
			   250.000000   250.000000
			   250.000000   250.000000
			</matrix>
			<scalar name='beta0'>     0.138219 </scalar>
			<vector name='beta' length='2'>
			     0.925404
			    -0.021630
			</vector>
			<vector name='c' length='2'>
			    -0.532974
			     0.492991
			</vector>
			<matrix name='SXresYres' rows='2' columns='2'>
			     3.915088     0.060116
			    -1.598522    -0.056297
			</matrix>
			<vector name='SSs2' length='2'>
			     2.369747
			     1.360092
			</vector>
			<vector name='SSYres' length='2'>
			     2.192973
			    -0.029419
			</vector>
			<matrix name='SSXres' rows='2' columns='2'>
			     2.181352    -0.715021
			    -0.923838    -1.714182
			</matrix>
			<matrix name='U' rows='2' columns='2'>
			     0.925804     0.729916
			    -0.378004    -0.683537
			</matrix>
			<matrix name='P' rows='2' columns='2'>
			     0.920500    -0.525715
			    -0.389847    -1.260343
			</matrix>
			<vector name='H' length='2'>
			     0.061922
			    -0.059241
			</vector>
			<vector name='r' length='2'>
			 6.900470e-03
			 3.849000e-03
			</vector>
			<matrix name='h' rows='2' columns='2'>
			     0.000000     0.000000
			     0.000000     0.000000
			</matrix>
			<matrix name='b' rows='2' columns='2'>
			     5.521461     5.521461
			     0.000000     5.521461
			</matrix>
			<vector name='sum_w' length='2'>
			   139.698037
			   139.698037
			</vector>
			<vector name='sum_e_cv2' length='2'>
			     2.122871
			     2.130117
			</vector>
			<scalar name='sum_e2'>     2.103173 </scalar>
			<scalar name='SSp'>     0.842736 </scalar>
			<vector name='n_data' length='2'>
			   948.588585
			   948.588585
			</vector>
			<integer name='trustworthy'> 1 </integer>
			<vector name='lambda' length='2'>
			     0.999179
			     0.999179
			</vector>
			<vector name='mean_x' length='2'>
			    -0.533906
			     0.489880
			</vector>
			<vector name='var_x' length='2'>
			     0.017302
			     0.018104
			</vector>
			<scalar name='w'> 0.0 </scalar>
			<vector name='s' length='2'>
			     0.267766
			     0.059344
			</vector>
		</ReceptiveField>
		<ReceptiveField nReg='2'>
			<matrix name='D' rows='2' columns='2'>
			    64.249729     0.000000
			     0.000000    45.778814
			</matrix>
			<matrix name='M' rows='2' columns='2'>
			     8.015593     0.000000
			     0.000000     6.766004
			</matrix>
			<matrix name='alpha' rows='2' columns='2'>
			   250.000000   250.000000
			   250.000000   250.000000
			</matrix>
			<scalar name='beta0'>     0.138788 </scalar>
			<vector name='beta' length='2'>
			     1.076653
			     0.019404
			</vector>
			<vector name='c' length='2'>
			     0.494017
			     0.887042
			</vector>
			<matrix name='SXresYres' rows='2' columns='2'>
			    -3.967221    -0.013517
			    -0.062741     0.106507
			</matrix>
			<vector name='SSs2' length='2'>
			     2.259370
			     1.218571
			</vector>
			<vector name='SSYres' length='2'>
			     2.432558
			     0.023645
			</vector>
			<matrix name='SSXres' rows='2' columns='2'>
			    -2.259761    -0.020000
			    -0.107601     1.266003
			</matrix>
			<matrix name='U' rows='2' columns='2'>
			    -0.999875    -0.125902
			    -0.015813     0.992043
			</matrix>
			<matrix name='P' rows='2' columns='2'>
			    -1.000173    -0.016413
			    -0.047624     1.038924
			</matrix>
			<vector name='H' length='2'>
			     0.033259
			     0.174331
			</vector>
			<vector name='r' length='2'>
			 8.193513e-03
			 4.829363e-03
			</vector>
			<matrix name='h' rows='2' columns='2'>
			     0.000000     0.000000
			     0.000000     0.000000
			</matrix>
			<matrix name='b' rows='2' columns='2'>
			     5.521461     5.521461
			     0.000000     5.521461
			</matrix>
			<vector name='sum_w' length='2'>
			   132.019039
			   132.019039
			</vector>
			<vector name='sum_e_cv2' length='2'>
			     1.812966
			     1.822555
			</vector>
			<scalar name='sum_e2'>     1.810527 </scalar>
			<scalar name='SSp'>     1.936060 </scalar>
			<vector name='n_data' length='2'>
			   754.832097
			   754.832097
			</vector>
			<integer name='trustworthy'> 1 </integer>
			<vector name='lambda' length='2'>
			     0.999119
			     0.999119
			</vector>
			<vector name='mean_x' length='2'>
			     0.496953
			     0.827041
			</vector>
			<vector name='var_x' length='2'>
			     0.017149
			     0.011732
			</vector>
			<scalar name='w'> 0.0 </scalar>
			<vector name='s' length='2'>
			    -0.082888
			     0.000061
			</vector>
		</ReceptiveField>
		<ReceptiveField nReg='2'>
			<matrix name='D' rows='2' columns='2'>
			    58.970664     0.000000
			     0.000000    47.490679
			</matrix>
			<matrix name='M' rows='2' columns='2'>
			     7.679236     0.000000
			     0.000000     6.891348
			</matrix>
			<matrix name='alpha' rows='2' columns='2'>
			   250.000000   250.000000
			   250.000000   250.000000
			</matrix>
			<scalar name='beta0'>     0.465343 </scalar>
			<vector name='beta' length='2'>
			     2.007818
			     0.068449
			</vector>
			<vector name='c' length='2'>
			    -0.284874
			    -0.798514
			</vector>
			<matrix name='SXresYres' rows='2' columns='2'>
			     8.932754     0.132667
			     0.275025    -0.365712
			</matrix>
			<vector name='SSs2' length='2'>
			     2.593918
			     1.951062
			</vector>
			<vector name='SSYres' length='2'>
			     5.208115
			     0.133548
			</vector>
			<matrix name='SSXres' rows='2' columns='2'>
			     2.593071     0.058051
			     0.167452    -2.160763
			</matrix>
			<matrix name='U' rows='2' columns='2'>
			     0.999526     0.341018
			     0.030774    -0.940057
			</matrix>
			<matrix name='P' rows='2' columns='2'>
			     0.999674     0.029754
			     0.064556    -1.107480
			</matrix>
			<vector name='H' length='2'>
			    -0.029206
			    -0.080397
			</vector>
			<vector name='r' length='2'>
			 7.505272e-03
			 5.826879e-03
			</vector>
			<matrix name='h' rows='2' columns='2'>
			     0.000000     0.000000
			     0.000000     0.000000
			</matrix>
			<matrix name='b' rows='2' columns='2'>
			     5.521461     5.521461
			     0.000000     5.521461
			</matrix>
			<vector name='sum_w' length='2'>
			   158.038524
			   158.038524
			</vector>
			<vector name='sum_e_cv2' length='2'>
			     1.894333
			     1.895982
			</vector>
			<scalar name='sum_e2'>     1.857859 </scalar>
			<scalar name='SSp'>     1.941040 </scalar>
			<vector name='n_data' length='2'>
			   825.470986
			   825.470986
			</vector>
			<integer name='trustworthy'> 1 </integer>
			<vector name='lambda' length='2'>
			     0.999139
			     0.999139
			</vector>
			<vector name='mean_x' length='2'>
			    -0.290991
			    -0.773591
			</vector>
			<vector name='var_x' length='2'>
			     0.016424
			     0.015292
			</vector>
			<scalar name='w'> 0.0 </scalar>
			<vector name='s' length='2'>
			    -0.087462
			     0.110483
			</vector>
		</ReceptiveField>
		<ReceptiveField nReg='2'>
			<matrix name='D' rows='2' columns='2'>
			    49.143252     0.000000
			     0.000000    48.220578
			</matrix>
			<matrix name='M' rows='2' columns='2'>
			     7.010225     0.000000
			     0.000000     6.944104
			</matrix>
			<matrix name='alpha' rows='2' columns='2'>
			   250.000000   250.000000
			   250.000000   250.000000
			</matrix>
			<scalar name='beta0'> -8.437560e-03 </scalar>
			<vector name='beta' length='2'>
			     0.097675
			     0.092807
			</vector>
			<vector name='c' length='2'>
			    -0.973039
			    -0.954397
			</vector>
			<matrix name='SXresYres' rows='2' columns='2'>
			     0.108210     0.053700
			     0.084847     0.030832
			</matrix>
			<vector name='SSs2' length='2'>
			     0.694750
			     0.083950
			</vector>
			<vector name='SSYres' length='2'>
			     0.067859
			     0.007791
			</vector>
			<matrix name='SSXres' rows='2' columns='2'>
			     0.390573     0.066069
			     0.499247    -0.005383
			</matrix>
			<matrix name='U' rows='2' columns='2'>
			     0.786938     0.867225
			     0.617032     0.497917
			</matrix>
			<matrix name='P' rows='2' columns='2'>
			     0.562177     0.787007
			     0.718599    -0.064116
			</matrix>
			<vector name='H' length='2'>
			    -0.018974
			     0.000371
			</vector>
			<vector name='r' length='2'>
			 2.486943e-03
			 2.282389e-04
			</vector>
			<matrix name='h' rows='2' columns='2'>
			     0.000000     0.000000
			     0.000000     0.000000
			</matrix>
			<matrix name='b' rows='2' columns='2'>
			     5.521461     5.521461
			     0.000000     5.521461
			</matrix>
			<vector name='sum_w' length='2'>
			    88.154804
			    88.154804
			</vector>
			<vector name='sum_e_cv2' length='2'>
			     0.838210
			     0.848980
			</vector>
			<scalar name='sum_e2'>     0.808549 </scalar>
			<scalar name='SSp'>     1.791950 </scalar>
			<vector name='n_data' length='2'>
			   493.349003
			   493.349003
			</vector>
			<integer name='trustworthy'> 1 </integer>
			<vector name='lambda' length='2'>
			     0.999064
			     0.999064
			</vector>
			<vector name='mean_x' length='2'>
			    -0.881677
			    -0.871388
			</vector>
			<vector name='var_x' length='2'>
			 8.065914e-03
			 7.824320e-03
			</vector>
			<scalar name='w'> 0.0 </scalar>
			<vector name='s' length='2'>
			     0.077293
			    -0.003206
			</vector>
		</ReceptiveField>
		<ReceptiveField nReg='2'>
			<matrix name='D' rows='2' columns='2'>
			    63.903435     0.000000
			     0.000000    57.042753
			</matrix>
			<matrix name='M' rows='2' columns='2'>
			     7.993962     0.000000
			     0.000000     7.552665
			</matrix>
			<matrix name='alpha' rows='2' columns='2'>
			   250.000000   250.000000
			   250.000000   250.000000
			</matrix>
			<scalar name='beta0'>     0.619728 </scalar>
			<vector name='beta' length='2'>
			     1.898182
			     0.124719
			</vector>
			<vector name='c' length='2'>
			     0.242358
			    -0.337967
			</vector>
			<matrix name='SXresYres' rows='2' columns='2'>
			    -7.083471    -0.230884
			     3.047550    -0.340119
			</matrix>
			<vector name='SSs2' length='2'>
			     2.170387
			     1.825743
			</vector>
			<vector name='SSYres' length='2'>
			     4.119789
			     0.227706
			</vector>
			<matrix name='SSXres' rows='2' columns='2'>
			    -1.939258    -0.788024
			     0.983174    -1.848562
			</matrix>
			<matrix name='U' rows='2' columns='2'>
			    -0.918591    -0.561650
			     0.395209    -0.827375
			</matrix>
			<matrix name='P' rows='2' columns='2'>
			    -0.893508    -0.431618
			     0.452995    -1.012498
			</matrix>
			<vector name='H' length='2'>
			 2.408931e-04
			 6.421307e-03
			</vector>
			<vector name='r' length='2'>
			 5.922875e-03
			 6.188521e-03
			</vector>
			<matrix name='h' rows='2' columns='2'>
			     0.000000     0.000000
			     0.000000     0.000000
			</matrix>
			<matrix name='b' rows='2' columns='2'>
			     5.521461     5.521461
			     0.000000     5.521461
			</matrix>
			<vector name='sum_w' length='2'>
			   131.285794
			   131.285794
			</vector>
			<vector name='sum_e_cv2' length='2'>
			     2.032449
			     2.025242
			</vector>
			<scalar name='sum_e2'>     1.989896 </scalar>
			<scalar name='SSp'>     1.391411 </scalar>
			<vector name='n_data' length='2'>
			   894.129641
			   894.129641
			</vector>
			<integer name='trustworthy'> 1 </integer>
			<vector name='lambda' length='2'>
			     0.999160
			     0.999160
			</vector>
			<vector name='mean_x' length='2'>
			     0.244715
			    -0.345810
			</vector>
			<vector name='var_x' length='2'>
			     0.015819
			     0.017876
			</vector>
			<scalar name='w'> 0.0 </scalar>
			<vector name='s' length='2'>
			    -0.107249
			     0.190736
			</vector>
		</ReceptiveField>
		<ReceptiveField nReg='2'>
			<matrix name='D' rows='2' columns='2'>
			    62.328784     0.000000
			     0.000000    57.532883
			</matrix>
			<matrix name='M' rows='2' columns='2'>
			     7.894858     0.000000
			     0.000000     7.585043
			</matrix>
			<matrix name='alpha' rows='2' columns='2'>
			   250.000000   250.000000
			   250.000000   250.000000
			</matrix>
			<scalar name='beta0'>     0.151990 </scalar>
			<vector name='beta' length='2'>
			     0.901549
			     0.001720
			</vector>
			<vector name='c' length='2'>
			    -0.532187
			    -0.468912
			</vector>
			<matrix name='SXresYres' rows='2' columns='2'>
			     3.572837     0.011807
			     1.598917    -0.076882
			</matrix>
			<vector name='SSs2' length='2'>
			     2.268633
			     1.715377
			</vector>
			<vector name='SSYres' length='2'>
			     2.045285
			     0.002951
			</vector>
			<matrix name='SSXres' rows='2' columns='2'>
			     2.054146     0.678580
			     0.960969    -1.541351
			</matrix>
			<matrix name='U' rows='2' columns='2'>
			     0.912767     0.151791
			     0.408482    -0.988413
			</matrix>
			<matrix name='P' rows='2' columns='2'>
			     0.905456     0.395586
			     0.423589    -0.898550
			</matrix>
			<vector name='H' length='2'>
			     0.031583
			     0.083183
			</vector>
			<vector name='r' length='2'>
			 5.982835e-03
			 4.602544e-03
			</vector>
			<matrix name='h' rows='2' columns='2'>
			     0.000000     0.000000
			     0.000000     0.000000
			</matrix>
			<matrix name='b' rows='2' columns='2'>
			     5.521461     5.521461
			     0.000000     5.521461
			</matrix>
			<vector name='sum_w' length='2'>
			   129.319581
			   129.319581
			</vector>
			<vector name='sum_e_cv2' length='2'>
			     1.812742
			     1.817709
			</vector>
			<scalar name='sum_e2'>     1.800944 </scalar>
			<scalar name='SSp'>     1.051116 </scalar>
			<vector name='n_data' length='2'>
			   919.339317
			   919.339317
			</vector>
			<integer name='trustworthy'> 1 </integer>
			<vector name='lambda' length='2'>
			     0.999169
			     0.999169
			</vector>
			<vector name='mean_x' length='2'>
			    -0.532745
			    -0.470701
			</vector>
			<vector name='var_x' length='2'>
			     0.017708
			     0.017959
			</vector>
			<scalar name='w'> 0.0 </scalar>
			<vector name='s' length='2'>
			    -0.029276
			     0.435558
			</vector>
		</ReceptiveField>
		<ReceptiveField nReg='2'>
			<matrix name='D' rows='2' columns='2'>
			    60.761843     0.000000
			     0.000000    47.058547
			</matrix>
			<matrix name='M' rows='2' columns='2'>
			     7.794988     0.000000
			     0.000000     6.859923
			</matrix>
			<matrix name='alpha' rows='2' columns='2'>
			   250.000000   250.000000
			   250.000000   250.000000
			</matrix>
			<scalar name='beta0'>     0.067457 </scalar>
			<vector name='beta' length='2'>
			     0.617084
			    -0.049152
			</vector>
			<vector name='c' length='2'>
			    -0.571214
			     0.922191
			</vector>
			<matrix name='SXresYres' rows='2' columns='2'>
			     2.152216     0.011578
			    -0.103334    -0.014334
			</matrix>
			<vector name='SSs2' length='2'>
			     2.191560
			     0.950733
			</vector>
			<vector name='SSYres' length='2'>
			     1.352377
			    -0.046731
			</vector>
			<matrix name='SSXres' rows='2' columns='2'>
			     2.191446     0.031974
			    -0.060761     0.747560
			</matrix>
			<matrix name='U' rows='2' columns='2'>
			     0.998849     0.628344
			    -0.047957    -0.777936
			</matrix>
			<matrix name='P' rows='2' columns='2'>
			     0.999948     0.033631
			    -0.027725     0.786299
			</matrix>
			<vector name='H' length='2'>
			    -0.145032
			     0.061702
			</vector>
			<vector name='r' length='2'>
			 7.397439e-03
			 2.984839e-03
			</vector>
			<matrix name='h' rows='2' columns='2'>
			     0.000000     0.000000
			     0.000000     0.000000
			</matrix>
			<matrix name='b' rows='2' columns='2'>
			     5.521461     5.521461
			     0.000000     5.521461
			</matrix>
			<vector name='sum_w' length='2'>
			   131.901131
			   131.901131
			</vector>
			<vector name='sum_e_cv2' length='2'>
			     1.509048
			     1.512847
			</vector>
			<scalar name='sum_e2'>     1.497391 </scalar>
			<scalar name='SSp'>     2.098012 </scalar>
			<vector name='n_data' length='2'>
			   715.061848
			   715.061848
			</vector>
			<integer name='trustworthy'> 1 </integer>
			<vector name='lambda' length='2'>
			     0.999109
			     0.999109
			</vector>
			<vector name='mean_x' length='2'>
			    -0.570838
			     0.858122
			</vector>
			<vector name='var_x' length='2'>
			     0.016659
			     0.010018
			</vector>
			<scalar name='w'> 0.0 </scalar>
			<vector name='s' length='2'>
			     0.027608
			     0.116609
			</vector>
		</ReceptiveField>
		<ReceptiveField nReg='2'>
			<matrix name='D' rows='2' columns='2'>
			    60.413791     0.000000
			     0.000000    48.251580
			</matrix>
			<matrix name='M' rows='2' columns='2'>
			     7.772631     0.000000
			     0.000000     6.946336
			</matrix>
			<matrix name='alpha' rows='2' columns='2'>
			   250.000000   250.000000
			   250.000000   250.000000
			</matrix>
			<scalar name='beta0'>     0.114781 </scalar>
			<vector name='beta' length='2'>
			     0.821727
			    -0.060033
			</vector>
			<vector name='c' length='2'>
			     0.522294
			    -0.926759
			</vector>
			<matrix name='SXresYres' rows='2' columns='2'>
			    -2.776815    -0.018773
			    -0.062762    -0.016778
			</matrix>
			<vector name='SSs2' length='2'>
			     2.098712
			     0.762023
			</vector>
			<vector name='SSYres' length='2'>
			     1.724569
			    -0.045747
			</vector>
			<matrix name='SSXres' rows='2' columns='2'>
			    -2.101483     0.060729
			    -0.010695    -0.867330
			</matrix>
			<matrix name='U' rows='2' columns='2'>
			    -0.999745    -0.745624
			    -0.022597    -0.666367
			</matrix>
			<matrix name='P' rows='2' columns='2'>
			    -1.001320     0.079694
			    -0.005096    -1.138195
			</matrix>
			<vector name='H' length='2'>
			    -0.043250
			     0.007850
			</vector>
			<vector name='r' length='2'>
			 6.370409e-03
			 2.664561e-03
			</vector>
			<matrix name='h' rows='2' columns='2'>
			     0.000000     0.000000
			     0.000000     0.000000
			</matrix>
			<matrix name='b' rows='2' columns='2'>
			     5.521461     5.521461
			     0.000000     5.521461
			</matrix>
			<vector name='sum_w' length='2'>
			   129.519217
			   129.519217
			</vector>
			<vector name='sum_e_cv2' length='2'>
			     1.630537
			     1.634329
			</vector>
			<scalar name='sum_e2'>     1.611271 </scalar>
			<scalar name='SSp'>     1.662160 </scalar>
			<vector name='n_data' length='2'>
			   727.967150
			   727.967150
			</vector>
			<integer name='trustworthy'> 1 </integer>
			<vector name='lambda' length='2'>
			     0.999112
			     0.999112
			</vector>
			<vector name='mean_x' length='2'>
			     0.531252
			    -0.856324
			</vector>
			<vector name='var_x' length='2'>
			     0.016303
			     0.009664
			</vector>
			<scalar name='w'> 0.0 </scalar>
			<vector name='s' length='2'>
			     0.260979
			    -0.185228
			</vector>
		</ReceptiveField>
		<ReceptiveField nReg='2'>
			<matrix name='D' rows='2' columns='2'>
			    77.147791     0.000000
			     0.000000    65.081572
			</matrix>
			<matrix name='M' rows='2' columns='2'>
			     8.783382     0.000000
			     0.000000     8.067315
			</matrix>
			<matrix name='alpha' rows='2' columns='2'>
			   250.000000   250.000000
			   250.000000   250.000000
			</matrix>
			<scalar name='beta0'>     1.047245 </scalar>
			<vector name='beta' length='2'>
			     0.914823
			     0.131723
			</vector>
			<vector name='c' length='2'>
			    -0.079241
			     0.092222
			</vector>
			<matrix name='SXresYres' rows='2' columns='2'>
			     2.316978     0.294115
			    -2.062282     0.172612
			</matrix>
			<vector name='SSs2' length='2'>
			     1.839402
			     1.148931
			</vector>
			<vector name='SSYres' length='2'>
			     1.682727
			     0.151341
			</vector>
			<matrix name='SSXres' rows='2' columns='2'>
			     1.270934     0.876219
			    -1.317241     0.908914
			</matrix>
			<matrix name='U' rows='2' columns='2'>
			     0.746970     0.862442
			    -0.664858     0.506156
			</matrix>
			<matrix name='P' rows='2' columns='2'>
			     0.690950     0.762639
			    -0.716125     0.791096
			</matrix>
			<vector name='H' length='2'>
			 9.062822e-03
			 -5.249444e-02
			</vector>
			<vector name='r' length='2'>
			 7.549525e-03
			 4.246520e-03
			</vector>
			<matrix name='h' rows='2' columns='2'>
			     0.000000     0.000000
			     0.000000     0.000000
			</matrix>
			<matrix name='b' rows='2' columns='2'>
			     5.521461     5.521461
			     0.000000     5.521461
			</matrix>
			<vector name='sum_w' length='2'>
			   118.582809
			   118.582809
			</vector>
			<vector name='sum_e_cv2' length='2'>
			     2.590612
			     2.579033
			</vector>
			<scalar name='sum_e2'>     2.539087 </scalar>
			<scalar name='SSp'>     1.265746 </scalar>
			<vector name='n_data' length='2'>
			   848.317509
			   848.317509
			</vector>
			<integer name='trustworthy'> 1 </integer>
			<vector name='lambda' length='2'>
			     0.999146
			     0.999146
			</vector>
			<vector name='mean_x' length='2'>
			    -0.079686
			     0.091671
			</vector>
			<vector name='var_x' length='2'>
			     0.014752
			     0.015131
			</vector>
			<scalar name='w'> 0.0 </scalar>
			<vector name='s' length='2'>
			    -0.295122
			    -0.093363
			</vector>
		</ReceptiveField>
		<ReceptiveField nReg='2'>
			<matrix name='D' rows='2' columns='2'>
			    59.126763     0.000000
			     0.000000    59.111129
			</matrix>
			<matrix name='M' rows='2' columns='2'>
			     7.689393     0.000000
			     0.000000     7.688376
			</matrix>
			<matrix name='alpha' rows='2' columns='2'>
			   250.000000   250.000000
			   250.000000   250.000000
			</matrix>
			<scalar name='beta0'>     0.597135 </scalar>
			<vector name='beta' length='2'>
			     1.829569
			     0.029217
			</vector>
			<vector name='c' length='2'>
			    -0.257559
			    -0.334442
			</vector>
			<matrix name='SXresYres' rows='2' columns='2'>
			     6.562741     0.081355
			     2.516310    -0.122038
			</matrix>
			<vector name='SSs2' length='2'>
			     2.031858
			     1.910113
			</vector>
			<vector name='SSYres' length='2'>
			     3.717424
			     0.055809
			</vector>
			<matrix name='SSXres' rows='2' columns='2'>
			     1.892211     0.638271
			     0.740771    -1.606740
			</matrix>
			<matrix name='U' rows='2' columns='2'>
			     0.933718     0.554683
			     0.358009    -0.832062
			</matrix>
			<matrix name='P' rows='2' columns='2'>
			     0.931272     0.334153
			     0.364578    -0.841176
			</matrix>
			<vector name='H' length='2'>
			 7.681782e-03
			 3.366289e-02
			</vector>
			<vector name='r' length='2'>
			 5.521849e-03
			 5.996390e-03
			</vector>
			<matrix name='h' rows='2' columns='2'>
			     0.000000     0.000000
			     0.000000     0.000000
			</matrix>
			<matrix name='b' rows='2' columns='2'>
			     5.521461     5.521461
			     0.000000     5.521461
			</matrix>
			<vector name='sum_w' length='2'>
			   130.944754
			   130.944754
			</vector>
			<vector name='sum_e_cv2' length='2'>
			     1.914455
			     1.920174
			</vector>
			<scalar name='sum_e2'>     1.884564 </scalar>
			<scalar name='SSp'>     1.283893 </scalar>
			<vector name='n_data' length='2'>
			   914.358957
			   914.358957
			</vector>
			<integer name='trustworthy'> 1 </integer>
			<vector name='lambda' length='2'>
			     0.999167
			     0.999167
			</vector>
			<vector name='mean_x' length='2'>
			    -0.263490
			    -0.341877
			</vector>
			<vector name='var_x' length='2'>
			     0.015973
			     0.017159
			</vector>
			<scalar name='w'> 0.0 </scalar>
			<vector name='s' length='2'>
			    -0.327525
			     0.157660
			</vector>
		</ReceptiveField>
		<ReceptiveField nReg='2'>
			<matrix name='D' rows='2' columns='2'>
			    48.414046     0.000000
			     0.000000    47.946042
			</matrix>
			<matrix name='M' rows='2' columns='2'>
			     6.958020     0.000000
			     0.000000     6.924308
			</matrix>
			<matrix name='alpha' rows='2' columns='2'>
			   250.000000   250.000000
			   250.000000   250.000000
			</matrix>
			<scalar name='beta0'> 2.945833e-03 </scalar>
			<vector name='beta' length='2'>
			     0.037114
			    -0.015308
			</vector>
			<vector name='c' length='2'>
			     0.977094
			     0.883772
			</vector>
			<matrix name='SXresYres' rows='2' columns='2'>
			 4.553738e-04 -4.307222e-02
			 -1.271205e-01 -5.704277e-02
			</matrix>
			<vector name='SSs2' length='2'>
			     1.205982
			     0.325487
			</vector>
			<vector name='SSYres' length='2'>
			     0.044759
			    -0.004983
			</vector>
			<matrix name='SSXres' rows='2' columns='2'>
			     0.302946    -0.384264
			    -1.067295    -0.124853
			</matrix>
			<matrix name='U' rows='2' columns='2'>
			 3.582198e-03 -6.025947e-01
			 -9.999936e-01 -7.980474e-01
			</matrix>
			<matrix name='P' rows='2' columns='2'>
			     0.251203    -1.180583
			    -0.885001    -0.383587
			</matrix>
			<vector name='H' length='2'>
			     0.048370
			     0.056264
			</vector>
			<vector name='r' length='2'>
			 3.987475e-03
			 9.937237e-04
			</vector>
			<matrix name='h' rows='2' columns='2'>
			     0.000000     0.000000
			     0.000000     0.000000
			</matrix>
			<matrix name='b' rows='2' columns='2'>
			     5.521461     5.521461
			     0.000000     5.521461
			</matrix>
			<vector name='sum_w' length='2'>
			   100.977360
			   100.977360
			</vector>
			<vector name='sum_e_cv2' length='2'>
			     1.005526
			     1.010221
			</vector>
			<scalar name='sum_e2'>     0.993928 </scalar>
			<scalar name='SSp'>     2.869219 </scalar>
			<vector name='n_data' length='2'>
			   532.980296
			   532.980296
			</vector>
			<integer name='trustworthy'> 1 </integer>
			<vector name='lambda' length='2'>
			     0.999071
			     0.999071
			</vector>
			<vector name='mean_x' length='2'>
			     0.876203
			     0.837530
			</vector>
			<vector name='var_x' length='2'>
			 8.337396e-03
			 1.181442e-02
			</vector>
			<scalar name='w'> 0.0 </scalar>
			<vector name='s' length='2'>
			 5.426513e-03
			 1.807853e-01
			</vector>
		</ReceptiveField>
		<ReceptiveField nReg='2'>
			<matrix name='D' rows='2' columns='2'>
			    51.459743     0.000000
			     0.000000    86.455965
			</matrix>
			<matrix name='M' rows='2' columns='2'>
			     7.173545     0.000000
			     0.000000     9.298170
			</matrix>
			<matrix name='alpha' rows='2' columns='2'>
			   250.000000   250.000000
			   250.000000   250.000000
			</matrix>
			<scalar name='beta0'>     0.173281 </scalar>
			<vector name='beta' length='2'>
			     1.535198
			     0.085871
			</vector>
			<vector name='c' length='2'>
			     0.757251
			     0.268684
			</vector>
			<matrix name='SXresYres' rows='2' columns='2'>
			    -0.845108    -0.310402
			    -4.265961     0.020375
			</matrix>
			<vector name='SSs2' length='2'>
			     1.668501
			     2.044455
			</vector>
			<vector name='SSYres' length='2'>
			     2.561479
			     0.175559
			</vector>
			<matrix name='SSXres' rows='2' columns='2'>
			    -0.245941    -2.060162
			    -1.649573     0.298856
			</matrix>
			<matrix name='U' rows='2' columns='2'>
			    -0.194328    -0.997853
			    -0.980937     0.065499
			</matrix>
			<matrix name='P' rows='2' columns='2'>
			    -0.147403    -1.007683
			    -0.988655     0.146179
			</matrix>
			<vector name='H' length='2'>
			    -0.102406
			     0.003972
			</vector>
			<vector name='r' length='2'>
			     0.010044
			     0.012112
			</vector>
			<matrix name='h' rows='2' columns='2'>
			     0.000000     0.000000
			     0.000000     0.000000
			</matrix>
			<matrix name='b' rows='2' columns='2'>
			     5.521461     5.521461
			     0.000000     5.521461
			</matrix>
			<vector name='sum_w' length='2'>
			   129.812711
			   129.812711
			</vector>
			<vector name='sum_e_cv2' length='2'>
			     3.513187
			     3.510494
			</vector>
			<scalar name='sum_e2'>     3.451747 </scalar>
			<scalar name='SSp'>     1.904416 </scalar>
			<vector name='n_data' length='2'>
			   756.839184
			   756.839184
			</vector>
			<integer name='trustworthy'> 1 </integer>
			<vector name='lambda' length='2'>
			     0.999120
			     0.999120
			</vector>
			<vector name='mean_x' length='2'>
			     0.752607
			     0.270295
			</vector>
			<vector name='var_x' length='2'>
			     0.016342
			     0.012941
			</vector>
			<scalar name='w'> 0.0 </scalar>
			<vector name='s' length='2'>
			     0.205176
			    -0.149421
			</vector>
		</ReceptiveField>
		<ReceptiveField nReg='2'>
			<matrix name='D' rows='2' columns='2'>
			    89.682734     0.000000
			     0.000000    49.527833
			</matrix>
			<matrix name='M' rows='2' columns='2'>
			     9.470097     0.000000
			     0.000000     7.037601
			</matrix>
			<matrix name='alpha' rows='2' columns='2'>
			   250.000000   250.000000
			   250.000000   250.000000
			</matrix>
			<scalar name='beta0'>     0.888183 </scalar>
			<vector name='beta' length='2'>
			     0.532170
			    -0.063266
			</vector>
			<vector name='c' length='2'>
			     0.038352
			    -0.946266
			</vector>
			<matrix name='SXresYres' rows='2' columns='2'>
			    -1.046878    -0.063902
			     0.082201     0.047297
			</matrix>
			<vector name='SSs2' length='2'>
			     1.225260
			     0.180316
			</vector>
			<vector name='SSYres' length='2'>
			     0.652046
			    -0.011408
			</vector>
			<matrix name='SSXres' rows='2' columns='2'>
			    -1.220771     0.022617
			     0.059571     0.252821
			</matrix>
			<matrix name='U' rows='2' columns='2'>
			    -0.996932    -0.803780
			     0.078279     0.594927
			</matrix>
			<matrix name='P' rows='2' columns='2'>
			    -0.996336     0.125427
			     0.048619     1.402103
			</matrix>
			<vector name='H' length='2'>
			 4.917918e-03
			 1.260921e-02
			</vector>
			<vector name='r' length='2'>
			 6.552052e-03
			 7.949993e-04
			</vector>
			<matrix name='h' rows='2' columns='2'>
			     0.000000     0.000000
			     0.000000     0.000000
			</matrix>
			<matrix name='b' rows='2' columns='2'>
			     5.521461     5.521461
			     0.000000     5.521461
			</matrix>
			<vector name='sum_w' length='2'>
			   100.835974
			   100.835974
			</vector>
			<vector name='sum_e_cv2' length='2'>
			     2.440267
			     2.458497
			</vector>
			<scalar name='sum_e2'>     2.396530 </scalar>
			<scalar name='SSp'>     1.792277 </scalar>
			<vector name='n_data' length='2'>
			   635.973157
			   635.973157
			</vector>
			<integer name='trustworthy'> 1 </integer>
			<vector name='lambda' length='2'>
			     0.999091
			     0.999091
			</vector>
			<vector name='mean_x' length='2'>
			     0.035342
			    -0.861100
			</vector>
			<vector name='var_x' length='2'>
			     0.012255
			     0.008594
			</vector>
			<scalar name='w'> 0.0 </scalar>
			<vector name='s' length='2'>
			    -0.205190
			     0.158131
			</vector>
		</ReceptiveField>
		<ReceptiveField nReg='2'>
			<matrix name='D' rows='2' columns='2'>
			    53.296704     0.000000
			     0.000000   137.519153
			</matrix>
			<matrix name='M' rows='2' columns='2'>
			     7.300459     0.000000
			     0.000000    11.726856
			</matrix>
			<matrix name='alpha' rows='2' columns='2'>
			   250.000000   250.000000
			   250.000000   250.000000
			</matrix>
			<scalar name='beta0'>     0.680405 </scalar>
			<vector name='beta' length='2'>
			     1.649460
			     0.254883
			</vector>
			<vector name='c' length='2'>
			     0.906107
			    -0.049436
			</vector>
			<matrix name='SXresYres' rows='2' columns='2'>
			     0.052112    -0.283764
			     2.379497     0.147272
			</matrix>
			<vector name='SSs2' length='2'>
			     1.002391
			     0.515218
			</vector>
			<vector name='SSYres' length='2'>
			     1.653404
			     0.131320
			</vector>
			<matrix name='SSXres' rows='2' columns='2'>
			     0.137290    -0.610911
			     0.984052     0.052237
			</matrix>
			<matrix name='U' rows='2' columns='2'>
			     0.021895    -0.887582
			     0.999760     0.460651
			</matrix>
			<matrix name='P' rows='2' columns='2'>
			     0.136962    -1.185733
			     0.981705     0.101388
			</matrix>
			<vector name='H' length='2'>
			     0.287484
			     0.036608
			</vector>
			<vector name='r' length='2'>
			     0.016196
			     0.009201
			</vector>
			<matrix name='h' rows='2' columns='2'>
			     0.000000     0.000000
			     0.000000     0.000000
			</matrix>
			<matrix name='b' rows='2' columns='2'>
			     5.521461     5.521461
			     0.000000     5.521461
			</matrix>
			<vector name='sum_w' length='2'>
			   104.186390
			   104.186390
			</vector>
			<vector name='sum_e_cv2' length='2'>
			     6.832691
			     6.847867
			</vector>
			<scalar name='sum_e2'>     6.707263 </scalar>
			<scalar name='SSp'>     2.182430 </scalar>
			<vector name='n_data' length='2'>
			   581.922051
			   581.922051
			</vector>
			<integer name='trustworthy'> 1 </integer>
			<vector name='lambda' length='2'>
			     0.999080
			     0.999080
			</vector>
			<vector name='mean_x' length='2'>
			     0.851814
			    -0.049127
			</vector>
			<vector name='var_x' length='2'>
			 9.431946e-03
			 9.850433e-03
			</vector>
			<scalar name='w'> 2.759267e-03 </scalar>
			<vector name='s' length='2'>
			    -0.291730
			    -0.088807
			</vector>
		</ReceptiveField>
		<ReceptiveField nReg='2'>
			<matrix name='D' rows='2' columns='2'>
			    48.475020     0.000000
			     0.000000    46.500269
			</matrix>
			<matrix name='M' rows='2' columns='2'>
			     6.962400     0.000000
			     0.000000     6.819111
			</matrix>
			<matrix name='alpha' rows='2' columns='2'>
			   250.000000   250.000000
			   250.000000   250.000000
			</matrix>
			<scalar name='beta0'> 5.500141e-03 </scalar>
			<vector name='beta' length='2'>
			     0.033391
			     0.009673
			</vector>
			<vector name='c' length='2'>
			     0.929861
			    -0.784702
			</vector>
			<matrix name='SXresYres' rows='2' columns='2'>
			    -0.137023    -0.083746
			     0.093307     0.007138
			</matrix>
			<vector name='SSs2' length='2'>
			     1.658829
			     0.406125
			</vector>
			<vector name='SSYres' length='2'>
			     0.055390
			     0.003928
			</vector>
			<matrix name='SSXres' rows='2' columns='2'>
			    -0.883162    -0.410407
			     1.438871    -0.463366
			</matrix>
			<matrix name='U' rows='2' columns='2'>
			    -0.826557    -0.996388
			     0.562853     0.084922
			</matrix>
			<matrix name='P' rows='2' columns='2'>
			    -0.532401    -1.010543
			     0.867402    -1.140946
			</matrix>
			<vector name='H' length='2'>
			    -0.040805
			     0.009302
			</vector>
			<vector name='r' length='2'>
			 5.221908e-03
			 1.033913e-03
			</vector>
			<matrix name='h' rows='2' columns='2'>
			     0.000000     0.000000
			     0.000000     0.000000
			</matrix>
			<matrix name='b' rows='2' columns='2'>
			     5.521461     5.521461
			     0.000000     5.521461
			</matrix>
			<vector name='sum_w' length='2'>
			   144.118836
			   144.118836
			</vector>
			<vector name='sum_e_cv2' length='2'>
			     1.334712
			     1.341674
			</vector>
			<scalar name='sum_e2'>     1.309091 </scalar>
			<scalar name='SSp'>     2.835842 </scalar>
			<vector name='n_data' length='2'>
			   643.935803
			   643.935803
			</vector>
			<integer name='trustworthy'> 1 </integer>
			<vector name='lambda' length='2'>
			     0.999093
			     0.999093
			</vector>
			<vector name='mean_x' length='2'>
			     0.851828
			    -0.770508
			</vector>
			<vector name='var_x' length='2'>
			 9.034049e-03
			 1.559269e-02
			</vector>
			<scalar name='w'>     0.010416 </scalar>
			<vector name='s' length='2'>
			     0.194280
			    -0.137427
			</vector>
		</ReceptiveField>
		<ReceptiveField nReg='2'>
			<matrix name='D' rows='2' columns='2'>
			    95.822259     0.000000
			     0.000000    53.116632
			</matrix>
			<matrix name='M' rows='2' columns='2'>
			     9.788884     0.000000
			     0.000000     7.288116
			</matrix>
			<matrix name='alpha' rows='2' columns='2'>
			   250.000000   250.000000
			   250.000000   250.000000
			</matrix>
			<scalar name='beta0'>     0.893247 </scalar>
			<vector name='beta' length='2'>
			     0.536718
			     0.058151
			</vector>
			<vector name='c' length='2'>
			    -0.032894
			    -0.570798
			</vector>
			<matrix name='SXresYres' rows='2' columns='2'>
			     1.441130     0.149813
			    -0.163037     0.020958
			</matrix>
			<vector name='SSs2' length='2'>
			     1.502830
			     0.121812
			</vector>
			<vector name='SSYres' length='2'>
			     0.806597
			     0.007084
			</vector>
			<matrix name='SSXres' rows='2' columns='2'>
			     1.448873     0.001677
			    -0.239447    -0.064961
			</matrix>
			<matrix name='U' rows='2' columns='2'>
			     0.993661     0.990356
			    -0.112414     0.138546
			</matrix>
			<matrix name='P' rows='2' columns='2'>
			     0.964096     0.013770
			    -0.159331    -0.533290
			</matrix>
			<vector name='H' length='2'>
			     0.085855
			     0.015358
			</vector>
			<vector name='r' length='2'>
			 6.489093e-03
			 3.057170e-04
			</vector>
			<matrix name='h' rows='2' columns='2'>
			     0.000000     0.000000
			     0.000000     0.000000
			</matrix>
			<matrix name='b' rows='2' columns='2'>
			     5.521461     5.521461
			     0.000000     5.521461
			</matrix>
			<vector name='sum_w' length='2'>
			   128.604713
			   128.604713
			</vector>
			<vector name='sum_e_cv2' length='2'>
			     2.610468
			     2.618947
			</vector>
			<scalar name='sum_e2'>     2.574527 </scalar>
			<scalar name='SSp'>     1.064268 </scalar>
			<vector name='n_data' length='2'>
			   824.023306
			   824.023306
			</vector>
			<integer name='trustworthy'> 1 </integer>
			<vector name='lambda' length='2'>
			     0.999138
			     0.999138
			</vector>
			<vector name='mean_x' length='2'>
			    -0.034507
			    -0.575348
			</vector>
			<vector name='var_x' length='2'>
			     0.011675
			     0.016445
			</vector>
			<scalar name='w'> 0.0 </scalar>
			<vector name='s' length='2'>
			     0.296132
			     0.019569
			</vector>
		</ReceptiveField>
		<ReceptiveField nReg='2'>
			<matrix name='D' rows='2' columns='2'>
			    48.157320     0.000000
			     0.000000    81.616331
			</matrix>
			<matrix name='M' rows='2' columns='2'>
			     6.939548     0.000000
			     0.000000     9.034176
			</matrix>
			<matrix name='alpha' rows='2' columns='2'>
			   250.000000   250.000000
			   250.000000   250.000000
			</matrix>
			<scalar name='beta0'>     0.142693 </scalar>
			<vector name='beta' length='2'>
			     1.452282
			    -0.110264
			</vector>
			<vector name='c' length='2'>
			    -0.911158
			    -0.273289
			</vector>
			<matrix name='SXresYres' rows='2' columns='2'>
			     0.320328    -0.017146
			     4.256982     0.046568
			</matrix>
			<vector name='SSs2' length='2'>
			     1.878117
			     0.410773
			</vector>
			<vector name='SSYres' length='2'>
			     2.727555
			    -0.045293
			</vector>
			<matrix name='SSXres' rows='2' columns='2'>
			     0.155569     0.483351
			     1.874711    -0.048519
			</matrix>
			<matrix name='U' rows='2' columns='2'>
			     0.075036    -0.345510
			     0.997181     0.938415
			</matrix>
			<matrix name='P' rows='2' columns='2'>
			     0.082832     1.176685
			     0.998187    -0.118115
			</matrix>
			<vector name='H' length='2'>
			     0.043056
			     0.025725
			</vector>
			<vector name='r' length='2'>
			     0.012028
			     0.002697
			</vector>
			<matrix name='h' rows='2' columns='2'>
			     0.000000     0.000000
			     0.000000     0.000000
			</matrix>
			<matrix name='b' rows='2' columns='2'>
			     5.521461     5.521461
			     0.000000     5.521461
			</matrix>
			<vector name='sum_w' length='2'>
			   120.597502
			   120.597502
			</vector>
			<vector name='sum_e_cv2' length='2'>
			     3.310417
			     3.330250
			</vector>
			<scalar name='sum_e2'>     3.264244 </scalar>
			<scalar name='SSp'>     1.571279 </scalar>
			<vector name='n_data' length='2'>
			   699.203269
			   699.203269
			</vector>
			<integer name='trustworthy'> 1 </integer>
			<vector name='lambda' length='2'>
			     0.999105
			     0.999105
			</vector>
			<vector name='mean_x' length='2'>
			    -0.851331
			    -0.283414
			</vector>
			<vector name='var_x' length='2'>
			     0.010127
			     0.015628
			</vector>
			<scalar name='w'> 0.0 </scalar>
			<vector name='s' length='2'>
			    -0.085350
			     0.029356
			</vector>
		</ReceptiveField>
		<ReceptiveField nReg='2'>
			<matrix name='D' rows='2' columns='2'>
			    65.267289     0.000000
			     0.000000    86.421777
			</matrix>
			<matrix name='M' rows='2' columns='2'>
			     8.078817     0.000000
			     0.000000     9.296331
			</matrix>
			<matrix name='alpha' rows='2' columns='2'>
			   250.000000   250.000000
			   250.000000   250.000000
			</matrix>
			<scalar name='beta0'>     0.796738 </scalar>
			<vector name='beta' length='2'>
			     1.062182
			     0.078709
			</vector>
			<vector name='c' length='2'>
			     0.343540
			    -0.037606
			</vector>
			<matrix name='SXresYres' rows='2' columns='2'>
			    -3.087547    -0.008933
			     1.542919     0.224129
			</matrix>
			<vector name='SSs2' length='2'>
			     1.879017
			     0.643691
			</vector>
			<vector name='SSYres' length='2'>
			     1.995858
			     0.050665
			</vector>
			<matrix name='SSXres' rows='2' columns='2'>
			    -1.712288     0.269022
			     0.733095     0.543451
			</matrix>
			<matrix name='U' rows='2' columns='2'>
			    -0.894526    -0.039823
			     0.447016     0.999207
			</matrix>
			<matrix name='P' rows='2' columns='2'>
			    -0.911268     0.417937
			     0.390148     0.844273
			</matrix>
			<vector name='H' length='2'>
			     0.136120
			     0.118849
			</vector>
			<vector name='r' length='2'>
			     0.014994
			     0.005835
			</vector>
			<matrix name='h' rows='2' columns='2'>
			     0.000000     0.000000
			     0.000000     0.000000
			</matrix>
			<matrix name='b' rows='2' columns='2'>
			     5.521461     5.521461
			     0.000000     5.521461
			</matrix>
			<vector name='sum_w' length='2'>
			   116.170813
			   116.170813
			</vector>
			<vector name='sum_e_cv2' length='2'>
			     4.269786
			     4.317700
			</vector>
			<scalar name='sum_e2'>     4.255267 </scalar>
			<scalar name='SSp'>     1.285954 </scalar>
			<vector name='n_data' length='2'>
			   821.406137
			   821.406137
			</vector>
			<integer name='trustworthy'> 1 </integer>
			<vector name='lambda' length='2'>
			     0.999137
			     0.999137
			</vector>
			<vector name='mean_x' length='2'>
			     0.340491
			    -0.035225
			</vector>
			<vector name='var_x' length='2'>
			     0.016321
			     0.012829
			</vector>
			<scalar name='w'> 0.0 </scalar>
			<vector name='s' length='2'>
			     0.077393
			     0.126016
			</vector>
		</ReceptiveField>
		<ReceptiveField nReg='2'>
			<matrix name='D' rows='2' columns='2'>
			    55.722583     0.000000
			     0.000000   123.001257
			</matrix>
			<matrix name='M' rows='2' columns='2'>
			     7.464756     0.000000
			     0.000000    11.090593
			</matrix>
			<matrix name='alpha' rows='2' columns='2'>
			   250.000000   250.000000
			   250.000000   250.000000
			</matrix>
			<scalar name='beta0'>     0.697727 </scalar>
			<vector name='beta' length='2'>
			     1.176910
			    -0.283775
			</vector>
			<vector name='c' length='2'>
			    -0.933587
			     0.039926
			</vector>
			<matrix name='SXresYres' rows='2' columns='2'>
			    -0.097328    -0.054019
			    -1.671884    -0.073876
			</matrix>
			<vector name='SSs2' length='2'>
			     0.978047
			     0.245260
			</vector>
			<vector name='SSYres' length='2'>
			     1.151073
			    -0.069599
			</vector>
			<matrix name='SSXres' rows='2' columns='2'>
			    -0.037082    -0.345728
			    -0.976710     0.058354
			</matrix>
			<matrix name='U' rows='2' columns='2'>
			    -0.058116    -0.590254
			    -0.998310    -0.807217
			</matrix>
			<matrix name='P' rows='2' columns='2'>
			    -0.037915    -1.409639
			    -0.998633     0.237929
			</matrix>
			<vector name='H' length='2'>
			     0.265572
			     0.119705
			</vector>
			<vector name='r' length='2'>
			     0.018060
			     0.005391
			</vector>
			<matrix name='h' rows='2' columns='2'>
			     0.000000     0.000000
			     0.000000     0.000000
			</matrix>
			<matrix name='b' rows='2' columns='2'>
			     5.521461     5.521461
			     0.000000     5.521461
			</matrix>
			<vector name='sum_w' length='2'>
			   110.095403
			   110.095403
			</vector>
			<vector name='sum_e_cv2' length='2'>
			     7.535517
			     7.547007
			</vector>
			<scalar name='sum_e2'>     7.482990 </scalar>
			<scalar name='SSp'>     1.762539 </scalar>
			<vector name='n_data' length='2'>
			   596.609044
			   596.609044
			</vector>
			<integer name='trustworthy'> 1 </integer>
			<vector name='lambda' length='2'>
			     0.999083
			     0.999083
			</vector>
			<vector name='mean_x' length='2'>
			    -0.871539
			     0.038506
			</vector>
			<vector name='var_x' length='2'>
			 7.419661e-03
			 9.342085e-03
			</vector>
			<scalar name='w'> 0.0 </scalar>
			<vector name='s' length='2'>
			     0.079581
			     0.062897
			</vector>
		</ReceptiveField>
		<ReceptiveField nReg='2'>
			<matrix name='D' rows='2' columns='2'>
			    47.242876     0.000000
			     0.000000    66.158663
			</matrix>
			<matrix name='M' rows='2' columns='2'>
			     6.873345     0.000000
			     0.000000     8.133798
			</matrix>
			<matrix name='alpha' rows='2' columns='2'>
			   250.000000   250.000000
			   250.000000   250.000000
			</matrix>
			<scalar name='beta0'>     0.023220 </scalar>
			<vector name='beta' length='2'>
			     0.301158
			     0.056405
			</vector>
			<vector name='c' length='2'>
			    -0.988415
			     0.447539
			</vector>
			<matrix name='SXresYres' rows='2' columns='2'>
			     0.213243     0.085556
			    -0.713449     0.010964
			</matrix>
			<vector name='SSs2' length='2'>
			     1.528733
			     0.828718
			</vector>
			<vector name='SSYres' length='2'>
			     0.460389
			     0.046744
			</vector>
			<matrix name='SSXres' rows='2' columns='2'>
			     0.313187     0.755037
			    -1.462424     0.330396
			</matrix>
			<matrix name='U' rows='2' columns='2'>
			     0.286373     0.991888
			    -0.958118     0.127114
			</matrix>
			<matrix name='P' rows='2' columns='2'>
			     0.204867     0.911090
			    -0.956625     0.398683
			</matrix>
			<vector name='H' length='2'>
			    -0.017971
			     0.009796
			</vector>
			<vector name='r' length='2'>
			 3.972303e-03
			 2.070975e-03
			</vector>
			<matrix name='h' rows='2' columns='2'>
			     0.000000     0.000000
			     0.000000     0.000000
			</matrix>
			<matrix name='b' rows='2' columns='2'>
			     5.521461     5.521461
			     0.000000     5.521461
			</matrix>
			<vector name='sum_w' length='2'>
			    99.468868
			    99.468868
			</vector>
			<vector name='sum_e_cv2' length='2'>
			     1.226240
			     1.230544
			</vector>
			<scalar name='sum_e2'>     1.201233 </scalar>
			<scalar name='SSp'>     1.840824 </scalar>
			<vector name='n_data' length='2'>
			   661.131248
			   661.131248
			</vector>
			<integer name='trustworthy'> 1 </integer>
			<vector name='lambda' length='2'>
			     0.999097
			     0.999097
			</vector>
			<vector name='mean_x' length='2'>
			    -0.883933
			     0.451267
			</vector>
			<vector name='var_x' length='2'>
			 8.200088e-03
			 1.598529e-02
			</vector>
			<scalar name='w'> 0.0 </scalar>
			<vector name='s' length='2'>
			    -0.144244
			     0.374075
			</vector>
		</ReceptiveField>
		<ReceptiveField nReg='2'>
			<matrix name='D' rows='2' columns='2'>
			    46.204352     0.000000
			     0.000000    74.248827
			</matrix>
			<matrix name='M' rows='2' columns='2'>
			     6.797378     0.000000
			     0.000000     8.616776
			</matrix>
			<matrix name='alpha' rows='2' columns='2'>
			   250.000000   250.000000
			   250.000000   250.000000
			</matrix>
			<scalar name='beta0'>     0.031254 </scalar>
			<vector name='beta' length='2'>
			     0.351915
			     0.114076
			</vector>
			<vector name='c' length='2'>
			     0.955350
			    -0.401872
			</vector>
			<matrix name='SXresYres' rows='2' columns='2'>
			    -0.206897    -0.152379
			     0.840159    -0.007466
			</matrix>
			<vector name='SSs2' length='2'>
			     1.511709
			     0.481714
			</vector>
			<vector name='SSYres' length='2'>
			     0.531994
			     0.054952
			</vector>
			<matrix name='SSXres' rows='2' columns='2'>
			    -0.086336    -0.299552
			     1.516394    -0.062470
			</matrix>
			<matrix name='U' rows='2' columns='2'>
			    -0.239115    -0.998802
			     0.970991    -0.048935
			</matrix>
			<matrix name='P' rows='2' columns='2'>
			    -0.057112    -0.621846
			     1.003099    -0.129683
			</matrix>
			<vector name='H' length='2'>
			    -0.117422
			     0.216087
			</vector>
			<vector name='r' length='2'>
			 4.958917e-03
			 2.704755e-03
			</vector>
			<matrix name='h' rows='2' columns='2'>
			     0.000000     0.000000
			     0.000000     0.000000
			</matrix>
			<matrix name='b' rows='2' columns='2'>
			     5.521461     5.521461
			     0.000000     5.521461
			</matrix>
			<vector name='sum_w' length='2'>
			   113.345151
			   113.345151
			</vector>
			<vector name='sum_e_cv2' length='2'>
			     1.640699
			     1.642432
			</vector>
			<scalar name='sum_e2'>     1.671858 </scalar>
			<scalar name='SSp'>     2.054464 </scalar>
			<vector name='n_data' length='2'>
			   656.680738
			   656.680738
			</vector>
			<integer name='trustworthy'> 1 </integer>
			<vector name='lambda' length='2'>
			     0.999096
			     0.999096
			</vector>
			<vector name='mean_x' length='2'>
			     0.873222
			    -0.400069
			</vector>
			<vector name='var_x' length='2'>
			 8.096333e-03
			 1.356191e-02
			</vector>
			<scalar name='w'>     0.832570 </scalar>
			<vector name='s' length='2'>
			     0.047795
			    -0.038412
			</vector>
		</ReceptiveField>
		<ReceptiveField nReg='2'>
			<matrix name='D' rows='2' columns='2'>
			    50.991814     0.000000
			     0.000000    47.050576
			</matrix>
			<matrix name='M' rows='2' columns='2'>
			     7.140855     0.000000
			     0.000000     6.859342
			</matrix>
			<matrix name='alpha' rows='2' columns='2'>
			   250.000000   250.000000
			   250.000000   250.000000
			</matrix>
			<scalar name='beta0'>     0.027990 </scalar>
			<vector name='beta' length='2'>
			     0.182673
			    -0.066205
			</vector>
			<vector name='c' length='2'>
			     0.741287
			     0.680210
			</vector>
			<matrix name='SXresYres' rows='2' columns='2'>
			    -0.765659    -0.065668
			    -0.440542    -0.035275
			</matrix>
			<vector name='SSs2' length='2'>
			     2.853488
			     0.634985
			</vector>
			<vector name='SSYres' length='2'>
			     0.521254
			    -0.042039
			</vector>
			<matrix name='SSXres' rows='2' columns='2'>
			    -2.377563     0.491649
			    -1.479229    -0.827840
			</matrix>
			<matrix name='U' rows='2' columns='2'>
			    -0.866765    -0.880946
			    -0.498716    -0.473218
			</matrix>
			<matrix name='P' rows='2' columns='2'>
			    -0.833213     0.774270
			    -0.518393    -1.303717
			</matrix>
			<vector name='H' length='2'>
			     0.068661
			     0.063107
			</vector>
			<vector name='r' length='2'>
			 7.316844e-03
			 1.463244e-03
			</vector>
			<matrix name='h' rows='2' columns='2'>
			     0.000000     0.000000
			     0.000000     0.000000
			</matrix>
			<matrix name='b' rows='2' columns='2'>
			     5.521461     5.521461
			     0.000000     5.521461
			</matrix>
			<vector name='sum_w' length='2'>
			   163.038074
			   163.038074
			</vector>
			<vector name='sum_e_cv2' length='2'>
			     1.640718
			     1.642022
			</vector>
			<scalar name='sum_e2'>     1.628391 </scalar>
			<scalar name='SSp'>     1.902592 </scalar>
			<vector name='n_data' length='2'>
			   793.782863
			   793.782863
			</vector>
			<integer name='trustworthy'> 1 </integer>
			<vector name='lambda' length='2'>
			     0.999130
			     0.999130
			</vector>
			<vector name='mean_x' length='2'>
			     0.728398
			     0.676046
			</vector>
			<vector name='var_x' length='2'>
			     0.017137
			     0.019575
			</vector>
			<scalar name='w'> 0.0 </scalar>
			<vector name='s' length='2'>
			     0.051512
			     0.007124
			</vector>
		</ReceptiveField>
		<ReceptiveField nReg='2'>
			<matrix name='D' rows='2' columns='2'>
			    47.099189     0.000000
			     0.000000    48.527107
			</matrix>
			<matrix name='M' rows='2' columns='2'>
			     6.862885     0.000000
			     0.000000     6.966140
			</matrix>
			<matrix name='alpha' rows='2' columns='2'>
			   250.000000   250.000000
			   250.000000   250.000000
			</matrix>
			<scalar name='beta0'>     0.012607 </scalar>
			<vector name='beta' length='2'>
			     0.137820
			     0.004049
			</vector>
			<vector name='c' length='2'>
			    -0.866644
			    -0.655215
			</vector>
			<matrix name='SXresYres' rows='2' columns='2'>
			     0.416189     0.101757
			     0.321465     0.014484
			</matrix>
			<vector name='SSs2' length='2'>
			     2.257920
			     0.701951
			</vector>
			<vector name='SSYres' length='2'>
			     0.311187
			     0.002842
			</vector>
			<matrix name='SSXres' rows='2' columns='2'>
			     1.532141     0.471863
			     1.594328    -0.941258
			</matrix>
			<matrix name='U' rows='2' columns='2'>
			     0.791409     0.990021
			     0.611286     0.140917
			</matrix>
			<matrix name='P' rows='2' columns='2'>
			     0.678563     0.672216
			     0.706105    -1.340916
			</matrix>
			<vector name='H' length='2'>
			     0.059990
			    -0.012333
			</vector>
			<vector name='r' length='2'>
			 5.609524e-03
			 1.574151e-03
			</vector>
			<matrix name='h' rows='2' columns='2'>
			     0.000000     0.000000
			     0.000000     0.000000
			</matrix>
			<matrix name='b' rows='2' columns='2'>
			     5.521461     5.521461
			     0.000000     5.521461
			</matrix>
			<vector name='sum_w' length='2'>
			   151.681836
			   151.681836
			</vector>
			<vector name='sum_e_cv2' length='2'>
			     1.409897
			     1.415252
			</vector>
			<scalar name='sum_e2'>     1.387052 </scalar>
			<scalar name='SSp'>     1.589989 </scalar>
			<vector name='n_data' length='2'>
			   750.793064
			   750.793064
			</vector>
			<integer name='trustworthy'> 1 </integer>
			<vector name='lambda' length='2'>
			     0.999118
			     0.999118
			</vector>
			<vector name='mean_x' length='2'>
			    -0.820827
			    -0.643973
			</vector>
			<vector name='var_x' length='2'>
			     0.012212
			     0.021389
			</vector>
			<scalar name='w'> 0.0 </scalar>
			<vector name='s' length='2'>
			     0.086315
			    -0.133745
			</vector>
		</ReceptiveField>
		<ReceptiveField nReg='2'>
			<matrix name='D' rows='2' columns='2'>
			    56.119301     0.000000
			     0.000000    46.898573
			</matrix>
			<matrix name='M' rows='2' columns='2'>
			     7.491282     0.000000
			     0.000000     6.848253
			</matrix>
			<matrix name='alpha' rows='2' columns='2'>
			   250.000000   250.000000
			   250.000000   250.000000
			</matrix>
			<scalar name='beta0'>     0.041911 </scalar>
			<vector name='beta' length='2'>
			     0.400900
			     0.041448
			</vector>
			<vector name='c' length='2'>
			    -0.652070
			    -0.956944
			</vector>
			<matrix name='SXresYres' rows='2' columns='2'>
			     1.299269     0.067074
			     0.129342     0.041046
			</matrix>
			<vector name='SSs2' length='2'>
			     2.124802
			     0.108518
			</vector>
			<vector name='SSYres' length='2'>
			     0.851833
			     0.004498
			</vector>
			<matrix name='SSXres' rows='2' columns='2'>
			     2.094188     0.047644
			     0.130696    -0.075838
			</matrix>
			<matrix name='U' rows='2' columns='2'>
			     0.995081     0.852962
			     0.099060     0.521973
			</matrix>
			<matrix name='P' rows='2' columns='2'>
			     0.985592     0.439044
			     0.061510    -0.698851
			</matrix>
			<vector name='H' length='2'>
			    -0.016849
			     0.017900
			</vector>
			<vector name='r' length='2'>
			 5.576114e-03
			 3.181279e-04
			</vector>
			<matrix name='h' rows='2' columns='2'>
			     0.000000     0.000000
			     0.000000     0.000000
			</matrix>
			<matrix name='b' rows='2' columns='2'>
			     5.521461     5.521461
			     0.000000     5.521461
			</matrix>
			<vector name='sum_w' length='2'>
			   119.385153
			   119.385153
			</vector>
			<vector name='sum_e_cv2' length='2'>
			     1.339913
			     1.346260
			</vector>
			<scalar name='sum_e2'>     1.315476 </scalar>
			<scalar name='SSp'>     1.589615 </scalar>
			<vector name='n_data' length='2'>
			   672.688642
			   672.688642
			</vector>
			<integer name='trustworthy'> 1 </integer>
			<vector name='lambda' length='2'>
			     0.999099
			     0.999099
			</vector>
			<vector name='mean_x' length='2'>
			    -0.647285
			    -0.872137
			</vector>
			<vector name='var_x' length='2'>
			     0.018110
			     0.008510
			</vector>
			<scalar name='w'> 0.0 </scalar>
			<vector name='s' length='2'>
			     0.268894
			    -0.014376
			</vector>
		</ReceptiveField>
		<ReceptiveField nReg='2'>
			<matrix name='D' rows='2' columns='2'>
			    47.793285     0.000000
			     0.000000    64.649152
			</matrix>
			<matrix name='M' rows='2' columns='2'>
			     6.913269     0.000000
			     0.000000     8.040470
			</matrix>
			<matrix name='alpha' rows='2' columns='2'>
			   250.000000   250.000000
			   250.000000   250.000000
			</matrix>
			<scalar name='beta0'>     0.029185 </scalar>
			<vector name='beta' length='2'>
			     0.207288
			     0.166054
			</vector>
			<vector name='c' length='2'>
			     0.999062
			     0.455234
			</vector>
			<matrix name='SXresYres' rows='2' columns='2'>
			    -0.074297    -0.071731
			    -0.460089    -0.050879
			</matrix>
			<vector name='SSs2' length='2'>
			     1.501910
			     0.213481
			</vector>
			<vector name='SSYres' length='2'>
			     0.311328
			     0.035449
			</vector>
			<matrix name='SSXres' rows='2' columns='2'>
			    -0.066458    -0.362865
			    -1.503837     0.025613
			</matrix>
			<matrix name='U' rows='2' columns='2'>
			    -0.159418    -0.815650
			    -0.987211    -0.578545
			</matrix>
			<matrix name='P' rows='2' columns='2'>
			    -0.044249    -1.699753
			    -1.001283     0.119980
			</matrix>
			<vector name='H' length='2'>
			 -2.088060e-03
			 -2.100604e-02
			</vector>
			<vector name='r' length='2'>
			 3.702447e-03
			 6.570651e-04
			</vector>
			<matrix name='h' rows='2' columns='2'>
			     0.000000     0.000000
			     0.000000     0.000000
			</matrix>
			<matrix name='b' rows='2' columns='2'>
			     5.521461     5.521461
			     0.000000     5.521461
			</matrix>
			<vector name='sum_w' length='2'>
			    97.559785
			    97.559785
			</vector>
			<vector name='sum_e_cv2' length='2'>
			     1.138806
			     1.163758
			</vector>
			<scalar name='sum_e2'>     1.123267 </scalar>
			<scalar name='SSp'>     1.304170 </scalar>
			<vector name='n_data' length='2'>
			   627.892569
			   627.892569
			</vector>
			<integer name='trustworthy'> 1 </integer>
			<vector name='lambda' length='2'>
			     0.999089
			     0.999089
			</vector>
			<vector name='mean_x' length='2'>
			     0.892414
			     0.456850
			</vector>
			<vector name='var_x' length='2'>
			 7.182459e-03
			 1.554284e-02
			</vector>
			<scalar name='w'> 0.0 </scalar>
			<vector name='s' length='2'>
			     0.417195
			     0.003830
			</vector>
		</ReceptiveField>
		<ReceptiveField nReg='2'>
			<matrix name='D' rows='2' columns='2'>
			    61.717380     0.000000
			     0.000000    54.180294
			</matrix>
			<matrix name='M' rows='2' columns='2'>
			     7.856041     0.000000
			     0.000000     7.360726
			</matrix>
			<matrix name='alpha' rows='2' columns='2'>
			   250.000000   250.000000
			   250.000000   250.000000
			</matrix>
			<scalar name='beta0'>     0.597681 </scalar>
			<vector name='beta' length='2'>
			     1.892300
			    -0.047445
			</vector>
			<vector name='c' length='2'>
			    -0.233372
			     0.422783
			</vector>
			<matrix name='SXresYres' rows='2' columns='2'>
			     7.680150     0.053514
			    -1.830836    -0.001608
			</matrix>
			<vector name='SSs2' length='2'>
			     2.159434
			     1.437324
			</vector>
			<vector name='SSYres' length='2'>
			     4.086297
			    -0.068194
			</vector>
			<matrix name='SSXres' rows='2' columns='2'>
			     2.088497    -0.199591
			    -0.539243    -0.911475
			</matrix>
			<matrix name='U' rows='2' columns='2'>
			     0.972743     0.999549
			    -0.231888    -0.030026
			</matrix>
			<matrix name='P' rows='2' columns='2'>
			     0.967150    -0.138863
			    -0.249715    -0.634147
			</matrix>
			<vector name='H' length='2'>
			     0.102594
			    -0.104688
			</vector>
			<vector name='r' length='2'>
			 6.822536e-03
			 5.063397e-03
			</vector>
			<matrix name='h' rows='2' columns='2'>
			     0.000000     0.000000
			     0.000000     0.000000
			</matrix>
			<matrix name='b' rows='2' columns='2'>
			     5.521461     5.521461
			     0.000000     5.521461
			</matrix>
			<vector name='sum_w' length='2'>
			   135.784253
			   135.784253
			</vector>
			<vector name='sum_e_cv2' length='2'>
			     2.067198
			     2.078153
			</vector>
			<scalar name='sum_e2'>     2.053688 </scalar>
			<scalar name='SSp'>     1.104178 </scalar>
			<vector name='n_data' length='2'>
			   926.362127
			   926.362127
			</vector>
			<integer name='trustworthy'> 1 </integer>
			<vector name='lambda' length='2'>
			     0.999171
			     0.999171
			</vector>
			<vector name='mean_x' length='2'>
			    -0.240651
			     0.422113
			</vector>
			<vector name='var_x' length='2'>
			     0.015795
			     0.018136
			</vector>
			<scalar name='w'> 0.0 </scalar>
			<vector name='s' length='2'>
			    -0.062291
			    -0.042957
			</vector>
		</ReceptiveField>
		<ReceptiveField nReg='2'>
			<matrix name='D' rows='2' columns='2'>
			    60.579478     0.000000
			     0.000000    46.074547
			</matrix>
			<matrix name='M' rows='2' columns='2'>
			     7.783282     0.000000
			     0.000000     6.787823
			</matrix>
			<matrix name='alpha' rows='2' columns='2'>
			   250.000000   250.000000
			   250.000000   250.000000
			</matrix>
			<scalar name='beta0'>     0.460569 </scalar>
			<vector name='beta' length='2'>
			     2.011147
			     0.047266
			</vector>
			<vector name='c' length='2'>
			     0.279456
			    -0.643658
			</vector>
			<matrix name='SXresYres' rows='2' columns='2'>
			    -9.050419    -0.154583
			     0.043129    -0.321051
			</matrix>
			<vector name='SSs2' length='2'>
			     2.510565
			     2.161585
			</vector>
			<vector name='SSYres' length='2'>
			     5.049116
			     0.102170
			</vector>
			<matrix name='SSXres' rows='2' columns='2'>
			    -2.506365    -0.065293
			     0.048806    -2.424905
			</matrix>
			<matrix name='U' rows='2' columns='2'>
			    -0.999989    -0.433821
			     0.004765    -0.900999
			</matrix>
			<matrix name='P' rows='2' columns='2'>
			    -0.998327    -0.030206
			     0.019440    -1.121818
			</matrix>
			<vector name='H' length='2'>
			    -0.035611
			    -0.225842
			</vector>
			<vector name='r' length='2'>
			 7.742856e-03
			 6.618326e-03
			</vector>
			<matrix name='h' rows='2' columns='2'>
			     0.000000     0.000000
			     0.000000     0.000000
			</matrix>
			<matrix name='b' rows='2' columns='2'>
			     5.521461     5.521461
			     0.000000     5.521461
			</matrix>
			<vector name='sum_w' length='2'>
			   151.908652
			   151.908652
			</vector>
			<vector name='sum_e_cv2' length='2'>
			     2.083296
			     2.119922
			</vector>
			<scalar name='sum_e2'>     2.082258 </scalar>
			<scalar name='SSp'>     1.243590 </scalar>
			<vector name='n_data' length='2'>
			   879.959910
			   879.959910
			</vector>
			<integer name='trustworthy'> 1 </integer>
			<vector name='lambda' length='2'>
			     0.999156
			     0.999156
			</vector>
			<vector name='mean_x' length='2'>
			     0.288767
			    -0.633345
			</vector>
			<vector name='var_x' length='2'>
			     0.016550
			     0.018200
			</vector>
			<scalar name='w'> 0.0 </scalar>
			<vector name='s' length='2'>
			     0.025257
			    -0.054191
			</vector>
		</ReceptiveField>
		<ReceptiveField nReg='2'>
			<matrix name='D' rows='2' columns='2'>
			    64.285769     0.000000
			     0.000000    45.962381
			</matrix>
			<matrix name='M' rows='2' columns='2'>
			     8.017841     0.000000
			     0.000000     6.779556
			</matrix>
			<matrix name='alpha' rows='2' columns='2'>
			   250.000000   250.000000
			   250.000000   250.000000
			</matrix>
			<scalar name='beta0'>     0.524069 </scalar>
			<vector name='beta' length='2'>
			     2.076252
			     0.055486
			</vector>
			<vector name='c' length='2'>
			    -0.253929
			     0.877055
			</vector>
			<matrix name='SXresYres' rows='2' columns='2'>
			     7.820029     0.018672
			    -0.304359    -0.143154
			</matrix>
			<vector name='SSs2' length='2'>
			     2.314834
			     1.261660
			</vector>
			<vector name='SSYres' length='2'>
			     4.806180
			     0.070004
			</vector>
			<matrix name='SSXres' rows='2' columns='2'>
			     2.314507    -0.007355
			    -0.068265    -0.927076
			</matrix>
			<matrix name='U' rows='2' columns='2'>
			     0.999243     0.129339
			    -0.038891    -0.991600
			</matrix>
			<matrix name='P' rows='2' columns='2'>
			     0.999859    -0.005830
			    -0.029490    -0.734806
			</matrix>
			<vector name='H' length='2'>
			     0.061701
			     0.058683
			</vector>
			<vector name='r' length='2'>
			 7.957797e-03
			 4.091839e-03
			</vector>
			<matrix name='h' rows='2' columns='2'>
			     0.000000     0.000000
			     0.000000     0.000000
			</matrix>
			<matrix name='b' rows='2' columns='2'>
			     5.521461     5.521461
			     0.000000     5.521461
			</matrix>
			<vector name='sum_w' length='2'>
			   131.085651
			   131.085651
			</vector>
			<vector name='sum_e_cv2' length='2'>
			     1.753382
			     1.760483
			</vector>
			<scalar name='sum_e2'>     1.725600 </scalar>
			<scalar name='SSp'>     2.175524 </scalar>
			<vector name='n_data' length='2'>
			   762.481511
			   762.481511
			</vector>
			<integer name='trustworthy'> 1 </integer>
			<vector name='lambda' length='2'>
			     0.999121
			     0.999121
			</vector>
			<vector name='mean_x' length='2'>
			    -0.255346
			     0.826422
			</vector>
			<vector name='var_x' length='2'>
			     0.017683
			     0.012419
			</vector>
			<scalar name='w'> 0.0 </scalar>
			<vector name='s' length='2'>
			    -0.290291
			     0.131787
			</vector>
		</ReceptiveField>
		<ReceptiveField nReg='2'>
			<matrix name='D' rows='2' columns='2'>
			    77.125100     0.000000
			     0.000000    52.763775
			</matrix>
			<matrix name='M' rows='2' columns='2'>
			     8.782090     0.000000
			     0.000000     7.263868
			</matrix>
			<matrix name='alpha' rows='2' columns='2'>
			   250.000000   250.000000
			   250.000000   250.000000
			</matrix>
			<scalar name='beta0'>     0.787235 </scalar>
			<vector name='beta' length='2'>
			     1.511816
			     0.174611
			</vector>
			<vector name='c' length='2'>
			     0.121763
			     0.998298
			</vector>
			<matrix name='SXresYres' rows='2' columns='2'>
			    -2.824081    -0.114486
			    -0.049999    -0.136741
			</matrix>
			<vector name='SSs2' length='2'>
			     1.282657
			     0.248720
			</vector>
			<vector name='SSYres' length='2'>
			     1.939141
			     0.043429
			</vector>
			<matrix name='SSXres' rows='2' columns='2'>
			    -1.276321     0.000643
			     0.022576    -0.362355
			</matrix>
			<matrix name='U' rows='2' columns='2'>
			    -0.999843    -0.641955
			    -0.017702    -0.766743
			</matrix>
			<matrix name='P' rows='2' columns='2'>
			    -0.995060     0.002585
			     0.017601    -1.456882
			</matrix>
			<vector name='H' length='2'>
			     0.116443
			    -0.017870
			</vector>
			<vector name='r' length='2'>
			 5.688333e-03
			 9.175673e-04
			</vector>
			<matrix name='h' rows='2' columns='2'>
			     0.000000     0.000000
			     0.000000     0.000000
			</matrix>
			<matrix name='b' rows='2' columns='2'>
			     5.521461     5.521461
			     0.000000     5.521461
			</matrix>
			<vector name='sum_w' length='2'>
			    95.271526
			    95.271526
			</vector>
			<vector name='sum_e_cv2' length='2'>
			     1.798821
			     1.803447
			</vector>
			<scalar name='sum_e2'>     1.753107 </scalar>
			<scalar name='SSp'>     1.810674 </scalar>
			<vector name='n_data' length='2'>
			   609.155949
			   609.155949
			</vector>
			<integer name='trustworthy'> 1 </integer>
			<vector name='lambda' length='2'>
			     0.999086
			     0.999086
			</vector>
			<vector name='mean_x' length='2'>
			     0.119799
			     0.889336
			</vector>
			<vector name='var_x' length='2'>
			     0.013466
			     0.006379
			</vector>
			<scalar name='w'> 0.0 </scalar>
			<vector name='s' length='2'>
			     0.373860
			     0.001008
			</vector>
		</ReceptiveField>
		<ReceptiveField nReg='2'>
			<matrix name='D' rows='2' columns='2'>
			    61.562211     0.000000
			     0.000000    91.400802
			</matrix>
			<matrix name='M' rows='2' columns='2'>
			     7.846159     0.000000
			     0.000000     9.560377
			</matrix>
			<matrix name='alpha' rows='2' columns='2'>
			   250.000000   250.000000
			   250.000000   250.000000
			</matrix>
			<scalar name='beta0'>     0.307248 </scalar>
			<vector name='beta' length='2'>
			     2.219107
			     0.094120
			</vector>
			<vector name='c' length='2'>
			    -0.684760
			     0.199295
			</vector>
			<matrix name='SXresYres' rows='2' columns='2'>
			     0.442887    -0.213589
			    -4.282761    -0.110669
			</matrix>
			<vector name='SSs2' length='2'>
			     1.280183
			     1.150472
			</vector>
			<vector name='SSYres' length='2'>
			     2.840863
			     0.108282
			</vector>
			<matrix name='SSXres' rows='2' columns='2'>
			     0.178983    -1.272065
			    -1.266064    -0.173886
			</matrix>
			<matrix name='U' rows='2' columns='2'>
			     0.102863    -0.887892
			    -0.994696    -0.460053
			</matrix>
			<matrix name='P' rows='2' columns='2'>
			     0.139810    -1.105690
			    -0.988971    -0.151143
			</matrix>
			<vector name='H' length='2'>
			     0.089122
			    -0.091829
			</vector>
			<vector name='r' length='2'>
			 7.187341e-03
			 6.511082e-03
			</vector>
			<matrix name='h' rows='2' columns='2'>
			     0.000000     0.000000
			     0.000000     0.000000
			</matrix>
			<matrix name='b' rows='2' columns='2'>
			     5.521461     5.521461
			     0.000000     5.521461
			</matrix>
			<vector name='sum_w' length='2'>
			   110.193742
			   110.193742
			</vector>
			<vector name='sum_e_cv2' length='2'>
			     3.263818
			     3.296426
			</vector>
			<scalar name='sum_e2'>     3.185857 </scalar>
			<scalar name='SSp'>     2.080844 </scalar>
			<vector name='n_data' length='2'>
			   687.074716
			   687.074716
			</vector>
			<integer name='trustworthy'> 1 </integer>
			<vector name='lambda' length='2'>
			     0.999103
			     0.999103
			</vector>
			<vector name='mean_x' length='2'>
			    -0.682385
			     0.202633
			</vector>
			<vector name='var_x' length='2'>
			     0.014755
			     0.011719
			</vector>
			<scalar name='w'> 0.0 </scalar>
			<vector name='s' length='2'>
			 5.176945e-03
			 -3.102000e-01
			</vector>
		</ReceptiveField>
		<ReceptiveField nReg='2'>
			<matrix name='D' rows='2' columns='2'>
			    68.798845     0.000000
			     0.000000   100.652786
			</matrix>
			<matrix name='M' rows='2' columns='2'>
			     8.294507     0.000000
			     0.000000    10.032586
			</matrix>
			<matrix name='alpha' rows='2' columns='2'>
			   250.000000   250.000000
			   250.000000   250.000000
			</matrix>
			<scalar name='beta0'>     0.607852 </scalar>
			<vector name='beta' length='2'>
			     1.904409
			     0.602153
			</vector>
			<vector name='c' length='2'>
			    -0.410136
			     0.136359
			</vector>
			<matrix name='SXresYres' rows='2' columns='2'>
			     2.278600    -0.578287
			    -2.561128    -1.810021
			</matrix>
			<vector name='SSs2' length='2'>
			     1.177637
			     1.554346
			</vector>
			<vector name='SSYres' length='2'>
			     2.242703
			     0.935954
			</vector>
			<matrix name='SSXres' rows='2' columns='2'>
			     0.971868    -0.770004
			    -0.701446    -1.415985
			</matrix>
			<matrix name='U' rows='2' columns='2'>
			     0.664697    -0.304337
			    -0.747113    -0.952565
			</matrix>
			<matrix name='P' rows='2' columns='2'>
			     0.825269    -0.495388
			    -0.595639    -0.910984
			</matrix>
			<vector name='H' length='2'>
			     0.062713
			    -0.102029
			</vector>
			<vector name='r' length='2'>
			 5.422759e-03
			 5.560165e-03
			</vector>
			<matrix name='h' rows='2' columns='2'>
			     0.000000     0.000000
			     0.000000     0.000000
			</matrix>
			<matrix name='b' rows='2' columns='2'>
			     5.521461     5.521461
			     0.000000     5.521461
			</matrix>
			<vector name='sum_w' length='2'>
			    97.034876
			    97.034876
			</vector>
			<vector name='sum_e_cv2' length='2'>
			     2.761520
			     2.578248
			</vector>
			<scalar name='sum_e2'>     2.531002 </scalar>
			<scalar name='SSp'>     1.133246 </scalar>
			<vector name='n_data' length='2'>
			   663.944141
			   663.944141
			</vector>
			<integer name='trustworthy'> 1 </integer>
			<vector name='lambda' length='2'>
			     0.999097
			     0.999097
			</vector>
			<vector name='mean_x' length='2'>
			    -0.409793
			     0.139394
			</vector>
			<vector name='var_x' length='2'>
			     0.015108
			     0.010231
			</vector>
			<scalar name='w'> 0.0 </scalar>
			<vector name='s' length='2'>
			    -0.029328
			    -0.096924
			</vector>
		</ReceptiveField>
		<ReceptiveField nReg='2'>
			<matrix name='D' rows='2' columns='2'>
			    85.207657     0.000000
			     0.000000    69.018866
			</matrix>
			<matrix name='M' rows='2' columns='2'>
			     9.230799     0.000000
			     0.000000     8.307759
			</matrix>
			<matrix name='alpha' rows='2' columns='2'>
			   250.000000   250.000000
			   250.000000   250.000000
			</matrix>
			<scalar name='beta0'>     1.017020 </scalar>
			<vector name='beta' length='2'>
			     0.832116
			     0.050385
			</vector>
			<vector name='c' length='2'>
			 -6.613020e-03
			 -1.762829e-01
			</vector>
			<matrix name='SXresYres' rows='2' columns='2'>
			     0.061495     0.057519
			     1.663523     0.164117
			</matrix>
			<vector name='SSs2' length='2'>
			     1.321955
			     1.238634
			</vector>
			<vector name='SSYres' length='2'>
			     1.100020
			     0.062409
			</vector>
			<matrix name='SSXres' rows='2' columns='2'>
			     0.017002     0.203299
			     1.315294     1.153518
			</matrix>
			<matrix name='U' rows='2' columns='2'>
			     0.036941     0.330749
			     0.999317     0.943719
			</matrix>
			<matrix name='P' rows='2' columns='2'>
			     0.012862     0.164132
			     0.994961     0.931282
			</matrix>
			<vector name='H' length='2'>
			    -0.049798
			     0.007342
			</vector>
			<vector name='r' length='2'>
			 4.589933e-03
			 2.604533e-04
			</vector>
			<matrix name='h' rows='2' columns='2'>
			     0.000000     0.000000
			     0.000000     0.000000
			</matrix>
			<matrix name='b' rows='2' columns='2'>
			     5.521461     5.521461
			     0.000000     5.521461
			</matrix>
			<vector name='sum_w' length='2'>
			    87.821187
			    87.821187
			</vector>
			<vector name='sum_e_cv2' length='2'>
			     1.617614
			     1.618284
			</vector>
			<scalar name='sum_e2'>     1.590082 </scalar>
			<scalar name='SSp'>     0.996392 </scalar>
			<vector name='n_data' length='2'>
			   660.728188
			   660.728188
			</vector>
			<integer name='trustworthy'> 1 </integer>
			<vector name='lambda' length='2'>
			     0.999097
			     0.999097
			</vector>
			<vector name='mean_x' length='2'>
			 -3.578479e-03
			 -1.744491e-01
			</vector>
			<vector name='var_x' length='2'>
			     0.012430
			     0.015093
			</vector>
			<scalar name='w'> 0.0 </scalar>
			<vector name='s' length='2'>
			     0.188150
			    -0.068333
			</vector>
		</ReceptiveField>
		<ReceptiveField nReg='2'>
			<matrix name='D' rows='2' columns='2'>
			    75.364635     0.000000
			     0.000000   166.613380
			</matrix>
			<matrix name='M' rows='2' columns='2'>
			     8.681281     0.000000
			     0.000000    12.907881
			</matrix>
			<matrix name='alpha' rows='2' columns='2'>
			   250.000000   250.000000
			   250.000000   250.000000
			</matrix>
			<scalar name='beta0'>     0.784949 </scalar>
			<vector name='beta' length='2'>
			    -0.151062
			     0.610120
			</vector>
			<vector name='c' length='2'>
			     0.633013
			     0.008868
			</vector>
			<matrix name='SXresYres' rows='2' columns='2'>
			     0.058248     0.077234
			    -0.015429     1.979688
			</matrix>
			<vector name='SSs2' length='2'>
			     0.716245
			     1.744680
			</vector>
			<vector name='SSYres' length='2'>
			    -0.108198
			     1.064464
			</vector>
			<matrix name='SSXres' rows='2' columns='2'>
			     0.168979    -0.062292
			     0.319052     1.749487
			</matrix>
			<matrix name='U' rows='2' columns='2'>
			     0.966664     0.038984
			    -0.256048     0.999240
			</matrix>
			<matrix name='P' rows='2' columns='2'>
			     0.235924    -0.035704
			     0.445451     1.002755
			</matrix>
			<vector name='H' length='2'>
			     0.162148
			    -0.307673
			</vector>
			<vector name='r' length='2'>
			 8.142691e-03
			 5.553877e-03
			</vector>
			<matrix name='h' rows='2' columns='2'>
			     0.000000     0.000000
			     0.000000     0.000000
			</matrix>
			<matrix name='b' rows='2' columns='2'>
			     5.521461     5.521461
			     0.000000     5.521461
			</matrix>
			<vector name='sum_w' length='2'>
			    78.724619
			    78.724619
			</vector>
			<vector name='sum_e_cv2' length='2'>
			     4.209027
			     4.402229
			</vector>
			<scalar name='sum_e2'>     4.517741 </scalar>
			<scalar name='SSp'>     1.676693 </scalar>
			<vector name='n_data' length='2'>
			   512.438153
			   512.438153
			</vector>
			<integer name='trustworthy'> 1 </integer>
			<vector name='lambda' length='2'>
			     0.999067
			     0.999067
			</vector>
			<vector name='mean_x' length='2'>
			     0.634999
			     0.004824
			</vector>
			<vector name='var_x' length='2'>
			     0.012136
			     0.006552
			</vector>
			<scalar name='w'> 0.0 </scalar>
			<vector name='s' length='2'>
			     0.218870
			    -0.057272
			</vector>
		</ReceptiveField>
		<ReceptiveField nReg='2'>
			<matrix name='D' rows='2' columns='2'>
			    70.066233     0.000000
			     0.000000    90.304483
			</matrix>
			<matrix name='M' rows='2' columns='2'>
			     8.370558     0.000000
			     0.000000     9.502867
			</matrix>
			<matrix name='alpha' rows='2' columns='2'>
			   250.000000   250.000000
			   250.000000   250.000000
			</matrix>
			<scalar name='beta0'>     0.495649 </scalar>
			<vector name='beta' length='2'>
			     1.985185
			     0.199547
			</vector>
			<vector name='c' length='2'>
			     0.463423
			     0.181549
			</vector>
			<matrix name='SXresYres' rows='2' columns='2'>
			    -1.452815     0.219268
			    -1.947329    -0.192630
			</matrix>
			<vector name='SSs2' length='2'>
			     0.905691
			     0.940217
			</vector>
			<vector name='SSYres' length='2'>
			     1.797965
			     0.187618
			</vector>
			<matrix name='SSXres' rows='2' columns='2'>
			    -0.633183     0.731414
			    -0.659638    -0.520992
			</matrix>
			<matrix name='U' rows='2' columns='2'>
			    -0.597975     0.751268
			    -0.801515    -0.659998
			</matrix>
			<matrix name='P' rows='2' columns='2'>
			    -0.699116     0.777920
			    -0.728325    -0.554118
			</matrix>
			<vector name='H' length='2'>
			     0.088794
			    -0.023549
			</vector>
			<vector name='r' length='2'>
			 3.058528e-03
			 5.126836e-03
			</vector>
			<matrix name='h' rows='2' columns='2'>
			     0.000000     0.000000
			     0.000000     0.000000
			</matrix>
			<matrix name='b' rows='2' columns='2'>
			     5.521461     5.521461
			     0.000000     5.521461
			</matrix>
			<vector name='sum_w' length='2'>
			    74.043868
			    74.043868
			</vector>
			<vector name='sum_e_cv2' length='2'>
			     1.693213
			     1.671149
			</vector>
			<scalar name='sum_e2'>     1.603032 </scalar>
			<scalar name='SSp'>     1.669577 </scalar>
			<vector name='n_data' length='2'>
			   528.418073
			   528.418073
			</vector>
			<integer name='trustworthy'> 1 </integer>
			<vector name='lambda' length='2'>
			     0.999070
			     0.999070
			</vector>
			<vector name='mean_x' length='2'>
			     0.453218
			     0.183585
			</vector>
			<vector name='var_x' length='2'>
			     0.015179
			     0.011280
			</vector>
			<scalar name='w'> 0.0 </scalar>
			<vector name='s' length='2'>
			    -0.132508
			     0.403526
			</vector>
		</ReceptiveField>
		<ReceptiveField nReg='2'>
			<matrix name='D' rows='2' columns='2'>
			    92.404015     0.000000
			     0.000000    53.406981
			</matrix>
			<matrix name='M' rows='2' columns='2'>
			     9.612701     0.000000
			     0.000000     7.308008
			</matrix>
			<matrix name='alpha' rows='2' columns='2'>
			   250.000000   250.000000
			   250.000000   250.000000
			</matrix>
			<scalar name='beta0'>     0.612052 </scalar>
			<vector name='beta' length='2'>
			     2.233671
			     0.126652
			</vector>
			<vector name='c' length='2'>
			     0.228972
			     0.713361
			</vector>
			<matrix name='SXresYres' rows='2' columns='2'>
			    -2.193435    -0.040415
			    -0.023691    -0.142122
			</matrix>
			<vector name='SSs2' length='2'>
			     0.778939
			     0.693151
			</vector>
			<vector name='SSYres' length='2'>
			     1.739894
			     0.087789
			</vector>
			<matrix name='SSXres' rows='2' columns='2'>
			    -0.779586     0.006378
			     0.048925    -0.027369
			</matrix>
			<matrix name='U' rows='2' columns='2'>
			    -0.999942    -0.273526
			    -0.010800    -0.961865
			</matrix>
			<matrix name='P' rows='2' columns='2'>
			    -1.000830     0.009201
			     0.062810    -0.039486
			</matrix>
			<vector name='H' length='2'>
			    -0.013509
			     0.046666
			</vector>
			<vector name='r' length='2'>
			 1.366223e-03
			 1.557422e-03
			</vector>
			<matrix name='h' rows='2' columns='2'>
			     0.000000     0.000000
			     0.000000     0.000000
			</matrix>
			<matrix name='b' rows='2' columns='2'>
			     5.521461     5.521461
			     0.000000     5.521461
			</matrix>
			<vector name='sum_w' length='2'>
			    80.022611
			    80.022611
			</vector>
			<vector name='sum_e_cv2' length='2'>
			     0.770746
			     0.767597
			</vector>
			<scalar name='sum_e2'>     0.731962 </scalar>
			<scalar name='SSp'>     2.582316 </scalar>
			<vector name='n_data' length='2'>
			   428.857849
			   428.857849
			</vector>
			<integer name='trustworthy'> 1 </integer>
			<vector name='lambda' length='2'>
			     0.999053
			     0.999053
			</vector>
			<vector name='mean_x' length='2'>
			     0.220601
			     0.715944
			</vector>
			<vector name='var_x' length='2'>
			 9.824167e-03
			 1.491643e-02
			</vector>
			<scalar name='w'> 0.0 </scalar>
			<vector name='s' length='2'>
			    -0.360410
			    -0.132066
			</vector>
		</ReceptiveField>
		<ReceptiveField nReg='2'>
			<matrix name='D' rows='2' columns='2'>
			    63.579547     0.000000
			     0.000000    57.648421
			</matrix>
			<matrix name='M' rows='2' columns='2'>
			     7.973678     0.000000
			     0.000000     7.592656
			</matrix>
			<matrix name='alpha' rows='2' columns='2'>
			   250.000000   250.000000
			   250.000000   250.000000
			</matrix>
			<scalar name='beta0'>     0.916135 </scalar>
			<vector name='beta' length='2'>
			     1.556825
			    -0.004062
			</vector>
			<vector name='c' length='2'>
			     0.170306
			     0.152981
			</vector>
			<matrix name='SXresYres' rows='2' columns='2'>
			    -0.643858    -0.032714
			    -0.431349    -0.006899
			</matrix>
			<vector name='SSs2' length='2'>
			     0.453748
			     0.115250
			</vector>
			<vector name='SSYres' length='2'>
			     0.706406
			    -0.000468
			</vector>
			<matrix name='SSXres' rows='2' columns='2'>
			    -0.369896    -0.112466
			    -0.256072     0.143504
			</matrix>
			<matrix name='U' rows='2' columns='2'>
			    -0.830792    -0.978476
			    -0.556584    -0.206361
			</matrix>
			<matrix name='P' rows='2' columns='2'>
			    -0.815201    -0.975847
			    -0.564348     1.245152
			</matrix>
			<vector name='H' length='2'>
			     0.011800
			     0.003780
			</vector>
			<vector name='r' length='2'>
			 1.116606e-03
			 1.808496e-04
			</vector>
			<matrix name='h' rows='2' columns='2'>
			     0.000000     0.000000
			     0.000000     0.000000
			</matrix>
			<matrix name='b' rows='2' columns='2'>
			     5.521461     5.521461
			     0.000000     5.521461
			</matrix>
			<vector name='sum_w' length='2'>
			    32.601998
			    32.601998
			</vector>
			<vector name='sum_e_cv2' length='2'>
			     0.379434
			     0.384326
			</vector>
			<scalar name='sum_e2'>     0.356506 </scalar>
			<scalar name='SSp'>     2.037187 </scalar>
			<vector name='n_data' length='2'>
			   166.649970
			   166.649970
			</vector>
			<integer name='trustworthy'> 1 </integer>
			<vector name='lambda' length='2'>
			     0.999018
			     0.999018
			</vector>
			<vector name='mean_x' length='2'>
			     0.175977
			     0.150130
			</vector>
			<vector name='var_x' length='2'>
			     0.013666
			     0.012702
			</vector>
			<scalar name='w'> 0.0 </scalar>
			<vector name='s' length='2'>
			 6.787760e-03
			 1.051361e-01
			</vector>
		</ReceptiveField>
	</SubModel>
</LWPR>
