time,tau_inv1,tau_inv2,tau_lf1,tau_lf2,dcn1,dcn2,control_input1,control_input2
0.02,0.20161999999999999,0.20161999999999999,0.02477995338780925,-0.0082639225159064633,0.0,0.0,0.02477995338780925,-0.0082639225159064633
0.04,0.20161999999999999,0.20161999999999999,0.024785093350461862,-0.043915894338529382,0.0,0.0,0.024785093350461862,-0.043915894338529382
0.06,0.20161999999999999,0.20161999999999999,0.056057914086287797,-0.084890394961302462,-0.0,-0.0,0.056057914086287797,-0.084890394961302462
0.08,0.20161999999999999,0.20161999999999999,0.093317042894874414,-0.12253578834952705,0.0,-0.0,0.093317042894874414,-0.12253578834952705
0.1,0.20161999999999999,0.20161999999999999,0.086824435059954297,-0.15777096307503014,0.0,-0.0,0.086824435059954297,-0.15777096307503014
0.12000000000000001,0.20161999999999999,0.20161999999999999,0.10150320656842093,-0.18025966448536468,0.0,-0.0,0.10150320656842093,-0.18025966448536468
0.14,0.20161999999999999,0.20161999999999999,0.13779235395064937,-0.19957149110343453,0.0,-0.0,0.13779235395064937,-0.19957149110343453
0.16,0.20161999999999999,0.20161999999999999,0.14262027911308439,-0.20716402271143974,0.0,-0.0,0.14262027911308439,-0.20716402271143974
0.18,0.20161999999999999,0.20161999999999999,0.13685374386483695,-0.23143447911972514,0.0,-0.0,0.13685374386483695,-0.23143447911972514
0.19999999999999998,0.20161999999999999,0.20161999999999999,0.12458417366426122,-0.24027099840389576,0.0,-0.0,0.12458417366426122,-0.24027099840389576
0.21999999999999997,0.20161999999999999,0.20161999999999999,0.099460339431114209,-0.22737352274209921,0.0,-0.0,0.099460339431114209,-0.22737352274209921
0.23999999999999996,0.20161999999999999,0.20161999999999999,0.10126338233542564,-0.23804208510212899,0.0,-0.0,0.10126338233542564,-0.23804208510212899
0.25999999999999995,0.20161999999999999,0.20161999999999999,0.089592762462564535,-0.23129824352512296,0.0,-0.0,0.089592762462564535,-0.23129824352512296
0.27999999999999997,0.20161999999999999,0.20161999999999999,0.11162938178013393,-0.22709905753473381,0.0,-0.0,0.11162938178013393,-0.22709905753473381
0.3,0.20161999999999999,0.20161999999999999,0.14203490581643519,-0.22310221436127242,0.0,-0.0,0.14203490581643519,-0.22310221436127242
0.32,0.20161999999999999,0.20161999999999999,0.17237320514578913,-0.20492219390822131,0.0,-0.0,0.17237320514578913,-0.20492219390822131
0.34,0.20161999999999999,0.20161999999999999,0.24617469487233112,-0.17969868910036135,0.0,-0.0,0.24617469487233112,-0.17969868910036135
0.36000000000000004,0.20161999999999999,0.20161999999999999,0.0094817741166721703,-0.15745326777748314,0.0,-0.0,0.0094817741166721703,-0.15745326777748314
0.38000000000000006,0.20161999999999999,0.20161999999999999,-0.19151527793574474,-0.083818492912818066,-0.0,-0.0,-0.19151527793574474,-0.083818492912818066
0.4000000000000001,0.20161999999999999,0.20161999999999999,-0.23984145982325411,-0.046186879577826856,0.0,-0.0,-0.23984145982325411,-0.046186879577826856
0.4200000000000001,0.20161999999999999,0.20161999999999999,-0.25507671852111513,-0.034205786678989769,0.0,-0.0,-0.25507671852111513,-0.034205786678989769
0.4400000000000001,0.20161999999999999,0.20161999999999999,-0.23450376788986915,-0.017339451505971493,0.0,-0.0,-0.23450376788986915,-0.017339451505971493
0.46000000000000013,0.20161999999999999,0.20161999999999999,-0.18969383094548964,-0.00018949358964315266,-0.0,-0.0,-0.18969383094548964,-0.00018949358964315266
0.48000000000000015,0.20161999999999999,0.20161999999999999,-0.14813076717124951,0.013424241430468387,-0.0,-0.0,-0.14813076717124951,0.013424241430468387
0.5000000000000001,0.20161999999999999,0.20161999999999999,-0.077190525317845315,0.044129069980464619,0.0,0.0,-0.077190525317845315,0.044129069980464619
0.5200000000000001,0.20161999999999999,0.20161999999999999,0.005998563930655898,0.07667883231169359,0.0,0.0,0.005998563930655898,0.07667883231169359
0.5400000000000001,0.20161999999999999,0.20161999999999999,0.032876193628446515,0.067639758077444156,0.0,0.0,0.032876193628446515,0.067639758077444156
0.5600000000000002,0.20161999999999999,0.20161999999999999,0.05895940006830136,0.086081358316337786,-0.0,-0.0,0.05895940006830136,0.086081358316337786
0.5800000000000002,0.20161999999999999,0.20161999999999999,0.07532600287842528,0.15989494672893456,-0.0,-0.0,0.07532600287842528,0.15989494672893456
0.6000000000000002,0.20161999999999999,0.20161999999999999,0.079815090685410928,0.20428376750653077,0.0,0.0,0.079815090685410928,0.20428376750653077
0.6200000000000002,0.20161999999999999,0.20161999999999999,0.067669377916368623,0.24029855666505484,0.0,0.0,0.067669377916368623,0.24029855666505484
0.6400000000000002,0.20161999999999999,0.20161999999999999,0.051986623574242996,0.26689239832847456,0.0,0.0,0.051986623574242996,0.26689239832847456
0.6600000000000003,0.20161999999999999,0.20161999999999999,0.051843085497138341,0.24762346194304929,-0.0,-0.0,0.051843085497138341,0.24762346194304929
0.6800000000000003,0.20161999999999999,0.20161999999999999,0.066886108098762609,0.28395781185501501,-0.0,-0.0,0.066886108098762609,0.28395781185501501
0.7000000000000003,0.20161999999999999,0.20161999999999999,0.091414343204470949,0.29209494400868308,0.0,0.0,0.091414343204470949,0.29209494400868308
0.7200000000000003,0.20161999999999999,0.20161999999999999,0.097927476322823725,0.28983785646615257,0.0,0.0,0.097927476322823725,0.28983785646615257
0.7400000000000003,0.20161999999999999,0.20161999999999999,0.08551094008892024,0.25555467346762573,0.0,0.0,0.08551094008892024,0.25555467346762573
0.7600000000000003,0.20161999999999999,0.20161999999999999,0.048666018623376939,0.27035892694756214,-0.0,-0.0,0.048666018623376939,0.27035892694756214
0.7800000000000004,0.20161999999999999,0.20161999999999999,0.0058878675988311979,0.26914870481124265,-0.0,-0.0,0.0058878675988311979,0.26914870481124265
0.8000000000000004,0.20161999999999999,0.20161999999999999,-0.036929561245016673,0.2807673061350342,0.0,0.0,-0.036929561245016673,0.2807673061350342
0.8200000000000004,0.20161999999999999,0.20161999999999999,-0.059135043858104863,0.27340436561372194,0.0,0.0,-0.059135043858104863,0.27340436561372194
0.8400000000000004,0.20161999999999999,0.20161999999999999,-0.081285974643832803,0.25329571110944671,0.0,0.0,-0.081285974643832803,0.25329571110944671
0.8600000000000004,0.20161999999999999,0.20161999999999999,-0.055903479384454169,0.26525684416124684,-0.0,-0.0,-0.055903479384454169,0.26525684416124684
0.8800000000000004,0.20161999999999999,0.20161999999999999,-0.048986388431517813,0.25667669872518428,-0.0,-0.0,-0.048986388431517813,0.25667669872518428
0.9000000000000005,0.20161999999999999,0.20161999999999999,-0.017293587522999809,0.2468568707546126,0.0,0.0,-0.017293587522999809,0.2468568707546126
0.9200000000000005,0.20161999999999999,0.20161999999999999,-0.0040048661666138852,0.23933057954977777,0.0,0.0,-0.0040048661666138852,0.23933057954977777
0.9400000000000005,0.20161999999999999,0.20161999999999999,-0.025280984222275427,0.22399018856780972,0.0,0.0,-0.025280984222275427,0.22399018856780972
0.9600000000000005,0.20161999999999999,0.20161999999999999,-0.051362645016149733,0.20693041867290218,-0.0,-0.0,-0.051362645016149733,0.20693041867290218
0.9800000000000005,0.20161999999999999,0.20161999999999999,-0.063913990643338137,0.18680164938589816,-0.0,-0.0,-0.063913990643338137,0.18680164938589816
1.0000000000000004,0.20161999999999999,0.20161999999999999,-0.10195428430665232,0.17053805985505277,0.0,0.0,-0.10195428430665232,0.17053805985505277
1.0200000000000005,0.20161999999999999,0.20161999999999999,-0.12448856952780529,0.13511455363856339,0.0,0.0,-0.12448856952780529,0.13511455363856339
1.0400000000000005,0.20161999999999999,0.20161999999999999,-0.12837634152605415,0.11517271105433591,0.0,0.0,-0.12837634152605415,0.11517271105433591
1.0600000000000005,0.20161999999999999,0.20161999999999999,-0.13566730915099146,0.088261279253749381,-0.0,-0.0,-0.13566730915099146,0.088261279253749381
1.0800000000000005,0.20161999999999999,0.20161999999999999,-0.16381661917180379,0.054797813399324768,-0.0,-0.0,-0.16381661917180379,0.054797813399324768
1.1000000000000005,0.20161999999999999,0.20161999999999999,-0.21035316887771582,0.020957480631282221,0.0,0.0,-0.21035316887771582,0.020957480631282221
1.1200000000000006,0.20161999999999999,0.20161999999999999,-0.20658829927429112,-0.034152394857189794,0.0,0.0,-0.20658829927429112,-0.034152394857189794
1.1400000000000006,0.20161999999999999,0.20161999999999999,-0.20247568066479982,-0.067683069157356446,0.0,0.0,-0.20247568066479982,-0.067683069157356446
1.1600000000000006,0.20161999999999999,0.20161999999999999,-0.21839765724653204,-0.10993409603672633,-0.0,-0.0,-0.21839765724653204,-0.10993409603672633
1.1800000000000006,0.20161999999999999,0.20161999999999999,-0.22322082188260706,-0.14951296777260237,-0.0,-0.0,-0.22322082188260706,-0.14951296777260237
1.2000000000000006,0.20161999999999999,0.20161999999999999,-0.21560001070890245,-0.18173052472920381,0.0,0.0,-0.21560001070890245,-0.18173052472920381
1.2200000000000006,0.20161999999999999,0.20161999999999999,-0.20553423875593024,-0.20861774636540176,0.0,0.0,-0.20553423875593024,-0.20861774636540176
1.2400000000000007,0.20161999999999999,0.20161999999999999,-0.1712576647171713,-0.22831321258081894,0.0,0.0,-0.1712576647171713,-0.22831321258081894
1.2600000000000007,0.20161999999999999,0.20161999999999999,-0.15826430345851095,-0.24552483179683326,-0.0,-0.0,-0.15826430345851095,-0.24552483179683326
1.2800000000000007,0.20161999999999999,0.20161999999999999,-0.14761689747521345,-0.25140385863104164,-0.0,-0.0,-0.14761689747521345,-0.25140385863104164
1.3000000000000007,0.20161999999999999,0.20161999999999999,-0.14234985796303867,-0.25058908278634773,0.0,0.0,-0.14234985796303867,-0.25058908278634773
1.3200000000000007,0.20161999999999999,0.20161999999999999,-0.1387311002931424,-0.24615337358560074,0.0,0.0,-0.1387311002931424,-0.24615337358560074
1.3400000000000007,0.20161999999999999,0.20161999999999999,-0.13234614314584303,-0.23365225177237958,0.0,0.0,-0.13234614314584303,-0.23365225177237958
1.3600000000000008,0.20161999999999999,0.20161999999999999,-0.12876927280747319,-0.23661123705887799,-0.0,-0.0,-0.12876927280747319,-0.23661123705887799
1.3800000000000008,0.20161999999999999,0.20161999999999999,-0.17669252331591245,-0.24491271909650103,-0.0,-0.0,-0.17669252331591245,-0.24491271909650103
1.4000000000000008,0.20161999999999999,0.20161999999999999,-0.186592154794885,-0.26466999742776043,0.0,0.0,-0.186592154794885,-0.26466999742776043
1.4200000000000008,0.20161999999999999,0.20161999999999999,-0.18410948205468691,-0.25485242670064778,0.0,0.0,-0.18410948205468691,-0.25485242670064778
1.4400000000000008,0.20161999999999999,0.20161999999999999,-0.20342485971895918,-0.24897337628333971,0.0,0.0,-0.20342485971895918,-0.24897337628333971
1.4600000000000009,0.20161999999999999,0.20161999999999999,-0.20247776306296839,-0.24737080244853416,-0.0,-0.0,-0.20247776306296839,-0.24737080244853416
1.4800000000000009,0.20161999999999999,0.20161999999999999,-0.19843109900668199,-0.2401173856166785,-0.0,-0.0,-0.19843109900668199,-0.2401173856166785
1.5000000000000009,0.20161999999999999,0.20161999999999999,-0.19811587134247821,-0.24508129383396615,0.0,0.0,-0.19811587134247821,-0.24508129383396615
1.520000000000001,0.20161999999999999,0.20161999999999999,-0.18872827947131121,-0.23382659327838029,0.0,0.0,-0.18872827947131121,-0.23382659327838029
1.540000000000001,0.20161999999999999,0.20161999999999999,-0.21234651975917496,-0.20639788844786611,0.0,0.0,-0.21234651975917496,-0.20639788844786611
1.560000000000001,0.20161999999999999,0.20161999999999999,-0.22496872011514135,-0.18663962324887695,-0.0,-0.0,-0.22496872011514135,-0.18663962324887695
1.580000000000001,0.20161999999999999,0.20161999999999999,-0.19376695789806875,-0.15817344057647209,-0.0,-0.0,-0.19376695789806875,-0.15817344057647209
1.600000000000001,0.20161999999999999,0.20161999999999999,-0.15751918628822636,-0.12582785355251613,0.0,0.0,-0.15751918628822636,-0.12582785355251613
1.620000000000001,0.20161999999999999,0.20161999999999999,-0.14708337194690357,-0.092395940930381171,0.0,0.0,-0.14708337194690357,-0.092395940930381171
1.640000000000001,0.20161999999999999,0.20161999999999999,-0.14595164152231521,-0.070022175978480261,0.0,0.0,-0.14595164152231521,-0.070022175978480261
1.660000000000001,0.20161999999999999,0.20161999999999999,-0.15513432589990916,-0.037668661491842004,-0.0,-0.0,-0.15513432589990916,-0.037668661491842004
1.680000000000001,0.20161999999999999,0.20161999999999999,-0.13831260204095752,0.0078798866892717534,-0.0,-0.0,-0.13831260204095752,0.0078798866892717534
1.700000000000001,0.20161999999999999,0.20161999999999999,-0.19094879554700084,0.035795550191363157,0.0,0.0,-0.19094879554700084,0.035795550191363157
1.720000000000001,0.20161999999999999,0.20161999999999999,-0.18928182605825805,0.074314388808135012,0.0,0.0,-0.18928182605825805,0.074314388808135012
1.740000000000001,0.20161999999999999,0.20161999999999999,-0.18868216312783481,0.11746503455574264,0.0,0.0,-0.18868216312783481,0.11746503455574264
1.7600000000000011,0.20161999999999999,0.20161999999999999,-0.18727400555171325,0.16108443017633545,-0.0,-0.0,-0.18727400555171325,0.16108443017633545
1.7800000000000011,0.20161999999999999,0.20161999999999999,-0.17104539769533877,0.19943579877861617,-0.0,-0.0,-0.17104539769533877,0.19943579877861617
1.8000000000000012,0.20161999999999999,0.20161999999999999,-0.15832430936193265,0.24438451192746746,0.0,0.0,-0.15832430936193265,0.24438451192746746
1.8200000000000012,0.20161999999999999,0.20161999999999999,-0.13501446494271785,0.25984779216987719,0.0,0.0,-0.13501446494271785,0.25984779216987719
1.8400000000000012,0.20161999999999999,0.20161999999999999,-0.12518751349165269,0.27274924952320934,0.0,0.0,-0.12518751349165269,0.27274924952320934
1.8600000000000012,0.20161999999999999,0.20161999999999999,-0.12626424543477088,0.27950682324596232,-0.0,-0.0,-0.12626424543477088,0.27950682324596232
1.8800000000000012,0.20161999999999999,0.20161999999999999,-0.15176399440506638,0.28082520362537911,-0.0,-0.0,-0.15176399440506638,0.28082520362537911
1.9000000000000012,0.20161999999999999,0.20161999999999999,-0.17225818642385837,0.27537814470839206,0.0,0.0,-0.17225818642385837,0.27537814470839206
1.9200000000000013,0.20161999999999999,0.20161999999999999,-0.17586128544340029,0.28564910412323741,0.0,0.0,-0.17586128544340029,0.28564910412323741
1.9400000000000013,0.20161999999999999,0.20161999999999999,-0.20325905772155095,0.2665436253008362,0.0,0.0,-0.20325905772155095,0.2665436253008362
1.9600000000000013,0.20161999999999999,0.20161999999999999,-0.19141064122461859,0.24817342129187536,-0.0,-0.0,-0.19141064122461859,0.24817342129187536
1.9800000000000013,0.20161999999999999,0.20161999999999999,-0.13953401463163018,0.23733224490158755,-0.0,-0.0,-0.13953401463163018,0.23733224490158755
2.0000000000000013,0.20161999999999999,0.20161999999999999,-0.10178038764004271,0.23851927551225693,0.0,0.0,-0.10178038764004271,0.23851927551225693
2.0200000000000014,0.20161999999999999,0.20161999999999999,-0.074348170878689501,0.26090492318334224,0.0,0.0,-0.074348170878689501,0.26090492318334224
2.0400000000000014,0.20161999999999999,0.20161999999999999,-0.058408898242874541,0.26875904040665932,0.0,0.0,-0.058408898242874541,0.26875904040665932
2.0600000000000014,0.20161999999999999,0.20161999999999999,-0.050988194128669395,0.2561635698558451,-0.0,-0.0,-0.050988194128669395,0.2561635698558451
2.0800000000000014,0.20161999999999999,0.20161999999999999,-0.043445812399721007,0.24099843165409252,-0.0,-0.0,-0.043445812399721007,0.24099843165409252
2.1000000000000014,0.20161999999999999,0.20161999999999999,-0.032173572134041484,0.22548144218201216,0.0,0.0,-0.032173572134041484,0.22548144218201216
2.1200000000000014,0.20161999999999999,0.20161999999999999,-0.0078519239633472182,0.20631074548993267,0.0,0.0,-0.0078519239633472182,0.20631074548993267
2.1400000000000015,0.20161999999999999,0.20161999999999999,0.012401017488182342,0.17822961049168429,0.0,0.0,0.012401017488182342,0.17822961049168429
2.1600000000000015,0.20161999999999999,0.20161999999999999,0.014326567866989048,0.15064161127390219,-0.0,-0.0,0.014326567866989048,0.15064161127390219
2.1800000000000015,0.20161999999999999,0.20161999999999999,0.032592695944636763,0.12760113067962675,-0.0,-0.0,0.032592695944636763,0.12760113067962675
2.2000000000000015,0.20161999999999999,0.20161999999999999,0.054839006833207637,0.10130154232300859,0.0,0.0,0.054839006833207637,0.10130154232300859
2.2200000000000015,0.20161999999999999,0.20161999999999999,0.095499567208795044,0.082865543091046989,0.0,0.0,0.095499567208795044,0.082865543091046989
2.2400000000000015,0.20161999999999999,0.20161999999999999,0.10023428827460368,0.057533191908947234,0.0,0.0,0.10023428827460368,0.057533191908947234
2.2600000000000016,0.20161999999999999,0.20161999999999999,0.10438861602887806,0.026978281736883991,-0.0,-0.0,0.10438861602887806,0.026978281736883991
2.2800000000000016,0.20161999999999999,0.20161999999999999,0.12764849498446873,-0.018033810849290788,-0.0,-0.0,0.12764849498446873,-0.018033810849290788
2.3000000000000016,0.20161999999999999,0.20161999999999999,0.14752507843111373,-0.061895237458274632,0.0,0.0,0.14752507843111373,-0.061895237458274632
2.3200000000000016,0.20161999999999999,0.20161999999999999,0.14258684595284943,-0.1027520355808631,0.0,0.0,0.14258684595284943,-0.1027520355808631
2.3400000000000016,0.20161999999999999,0.20161999999999999,0.16025258344473281,-0.13958824382813195,0.0,0.0,0.16025258344473281,-0.13958824382813195
2.3600000000000017,0.20161999999999999,0.20161999999999999,0.16865717294770866,-0.17150147974698315,-0.0,-0.0,0.16865717294770866,-0.17150147974698315
2.3800000000000017,0.20161999999999999,0.20161999999999999,0.14986832424110386,-0.19648380391789622,-0.0,-0.0,0.14986832424110386,-0.19648380391789622
2.4000000000000017,0.20161999999999999,0.20161999999999999,0.13948099174544182,-0.17591656211128015,0.0,0.0,0.13948099174544182,-0.17591656211128015
2.4200000000000017,0.20161999999999999,0.20161999999999999,0.1511588818620293,-0.2139977516920335,0.0,0.0,0.1511588818620293,-0.2139977516920335
2.4400000000000017,0.20161999999999999,0.20161999999999999,0.13421549019066892,-0.22947647654160241,0.0,0.0,0.13421549019066892,-0.22947647654160241
2.4600000000000017,0.20161999999999999,0.20161999999999999,0.13761870461162395,-0.2377093834337094,-0.0,-0.0,0.13761870461162395,-0.2377093834337094
2.4800000000000018,0.20161999999999999,0.20161999999999999,0.13444800771403864,-0.24110356191936577,-0.0,-0.0,0.13444800771403864,-0.24110356191936577
2.5000000000000018,0.20161999999999999,0.20161999999999999,0.10867195883759928,-0.22001807200397017,0.0,0.0,0.10867195883759928,-0.22001807200397017
2.520000000000002,0.20161999999999999,0.20161999999999999,0.12025453716004919,-0.23733114889110629,0.0,0.0,0.12025453716004919,-0.23733114889110629
2.540000000000002,0.20161999999999999,0.20161999999999999,0.098986842039124445,-0.23407372185983077,0.0,0.0,0.098986842039124445,-0.23407372185983077
2.560000000000002,0.20161999999999999,0.20161999999999999,0.084474261205149004,-0.24075900082784285,-0.0,-0.0,0.084474261205149004,-0.24075900082784285
2.580000000000002,0.20161999999999999,0.20161999999999999,0.095188720063073662,-0.24765838093189307,-0.0,-0.0,0.095188720063073662,-0.24765838093189307
2.600000000000002,0.20161999999999999,0.20161999999999999,0.098262421884751872,-0.25283958289066222,0.0,0.0,0.098262421884751872,-0.25283958289066222
2.620000000000002,0.20161999999999999,0.20161999999999999,0.095102109201969487,-0.260059101607236,0.0,0.0,0.095102109201969487,-0.260059101607236
2.640000000000002,0.20161999999999999,0.20161999999999999,0.13356069030283924,-0.25379628001663668,0.0,0.0,0.13356069030283924,-0.25379628001663668
2.660000000000002,0.20161999999999999,0.20161999999999999,0.16072092626954015,-0.22785012656877646,-0.0,-0.0,0.16072092626954015,-0.22785012656877646
2.680000000000002,0.20161999999999999,0.20161999999999999,0.14729794618010827,-0.20222853690562714,-0.0,-0.0,0.14729794618010827,-0.20222853690562714
2.700000000000002,0.20161999999999999,0.20161999999999999,0.14409031392668803,-0.17924048457600494,0.0,0.0,0.14409031392668803,-0.17924048457600494
2.720000000000002,0.20161999999999999,0.20161999999999999,0.13263309943486412,-0.15758025006413812,0.0,0.0,0.13263309943486412,-0.15758025006413812
2.740000000000002,0.20161999999999999,0.20161999999999999,0.11754883506329561,-0.14638592339421885,0.0,0.0,0.11754883506329561,-0.14638592339421885
2.760000000000002,0.20161999999999999,0.20161999999999999,0.08924511866491347,-0.12486127279554271,-0.0,-0.0,0.08924511866491347,-0.12486127279554271
2.780000000000002,0.20161999999999999,0.20161999999999999,0.069313146228632272,-0.10552249405975189,-0.0,-0.0,0.069313146228632272,-0.10552249405975189
2.800000000000002,0.20161999999999999,0.20161999999999999,0.062353186848982611,-0.089362005929568111,0.0,0.0,0.062353186848982611,-0.089362005929568111
2.820000000000002,0.20161999999999999,0.20161999999999999,0.074838579706999919,-0.071794635819024011,0.0,0.0,0.074838579706999919,-0.071794635819024011
2.840000000000002,0.20161999999999999,0.20161999999999999,0.081903589506013397,-0.041074126907152841,0.0,0.0,0.081903589506013397,-0.041074126907152841
2.860000000000002,0.20161999999999999,0.20161999999999999,0.087866889411514659,-0.012109803529360974,-0.0,-0.0,0.087866889411514659,-0.012109803529360974
2.880000000000002,0.20161999999999999,0.20161999999999999,0.12269532398897742,0.028261338621893284,-0.0,-0.0,0.12269532398897742,0.028261338621893284
2.900000000000002,0.20161999999999999,0.20161999999999999,0.14702189022596901,0.035045284521426634,0.0,0.0,0.14702189022596901,0.035045284521426634
2.920000000000002,0.20161999999999999,0.20161999999999999,0.16656680419234449,0.10987412613150549,0.0,0.0,0.16656680419234449,0.10987412613150549
2.940000000000002,0.20161999999999999,0.20161999999999999,0.16829141512444346,0.16423187322500143,0.0,0.0,0.16829141512444346,0.16423187322500143
2.960000000000002,0.20161999999999999,0.20161999999999999,0.17119586132220821,0.20653725563128877,-0.0,-0.0,0.17119586132220821,0.20653725563128877
2.980000000000002,0.20161999999999999,0.20161999999999999,0.18273860901257111,0.23985153826034988,-0.0,-0.0,0.18273860901257111,0.23985153826034988
3.000000000000002,0.20161999999999999,0.20161999999999999,0.16450580026578088,0.2603093243355763,0.0,0.0,0.16450580026578088,0.2603093243355763
3.0200000000000022,0.20161999999999999,0.20161999999999999,0.1444522403885653,0.27291163335711288,0.0,0.0,0.1444522403885653,0.27291163335711288
3.0400000000000023,0.20161999999999999,0.20161999999999999,0.1264207601332028,0.27899466339596257,0.0,0.0,0.1264207601332028,0.27899466339596257
3.0600000000000023,0.20161999999999999,0.20161999999999999,0.13858484879210287,0.27863172053551799,-0.0,-0.0,0.13858484879210287,0.27863172053551799
3.0800000000000023,0.20161999999999999,0.20161999999999999,0.12757062915881234,0.27535403275974857,-0.0,-0.0,0.12757062915881234,0.27535403275974857
3.1000000000000023,0.20161999999999999,0.20161999999999999,0.11545697891437356,0.26674082332087345,0.0,0.0,0.11545697891437356,0.26674082332087345
3.1200000000000023,0.20161999999999999,0.20161999999999999,0.10309879129134325,0.27212686285995269,0.0,0.0,0.10309879129134325,0.27212686285995269
3.1400000000000023,0.20161999999999999,0.20161999999999999,0.099774599409826248,0.24109824414530401,0.0,0.0,0.099774599409826248,0.24109824414530401
3.1600000000000024,0.20161999999999999,0.20161999999999999,0.079516664125230063,0.26116536879047381,-0.0,-0.0,0.079516664125230063,0.26116536879047381
3.1800000000000024,0.20161999999999999,0.20161999999999999,0.072377566478551758,0.26958085568186974,-0.0,-0.0,0.072377566478551758,0.26958085568186974
3.2000000000000024,0.20161999999999999,0.20161999999999999,0.063927962679543038,0.27582338125292583,0.0,0.0,0.063927962679543038,0.27582338125292583
3.2200000000000024,0.20161999999999999,0.20161999999999999,0.051417596389868869,0.2801879715199167,0.0,0.0,0.051417596389868869,0.2801879715199167
3.2400000000000024,0.20161999999999999,0.20161999999999999,0.035917610241158249,0.26848452701783354,0.0,0.0,0.035917610241158249,0.26848452701783354
3.2600000000000025,0.20161999999999999,0.20161999999999999,0.016973559239847669,0.25627229737136581,-0.0,-0.0,0.016973559239847669,0.25627229737136581
3.2800000000000025,0.20161999999999999,0.20161999999999999,-0.0031266458444356715,0.24014637273463335,-0.0,-0.0,-0.0031266458444356715,0.24014637273463335
3.3000000000000025,0.20161999999999999,0.20161999999999999,0.0056121483883142531,0.20585450219833112,0.0,0.0,0.0056121483883142531,0.20585450219833112
3.3200000000000025,0.20161999999999999,0.20161999999999999,-0.0064256006091965023,0.19529237386481424,0.0,0.0,-0.0064256006091965023,0.19529237386481424
3.3400000000000025,0.20161999999999999,0.20161999999999999,-0.025756560211358748,0.16056342120043632,0.0,0.0,-0.025756560211358748,0.16056342120043632
3.3600000000000025,0.20161999999999999,0.20161999999999999,-0.037401844138427398,0.14417972005769286,-0.0,-0.0,-0.037401844138427398,0.14417972005769286
3.3800000000000026,0.20161999999999999,0.20161999999999999,-0.055514805695485503,0.14442139219143124,-0.0,-0.0,-0.055514805695485503,0.14442139219143124
3.4000000000000026,0.20161999999999999,0.20161999999999999,-0.08149569509015997,0.10165736560170302,0.0,0.0,-0.08149569509015997,0.10165736560170302
3.4200000000000026,0.20161999999999999,0.20161999999999999,-0.11044863993326715,0.058856245024679232,0.0,0.0,-0.11044863993326715,0.058856245024679232
3.4400000000000026,0.20161999999999999,0.20161999999999999,-0.12058439494852591,0.017211235240821576,0.0,0.0,-0.12058439494852591,0.017211235240821576
3.4600000000000026,0.20161999999999999,0.20161999999999999,-0.13628748309287397,0.0060052000820964846,-0.0,-0.0,-0.13628748309287397,0.0060052000820964846
3.4800000000000026,0.20161999999999999,0.20161999999999999,-0.16624257117215535,-0.065164103153580566,-0.0,-0.0,-0.16624257117215535,-0.065164103153580566
3.5000000000000027,0.20161999999999999,0.20161999999999999,-0.18425512622415519,-0.11788165419705154,0.0,0.0,-0.18425512622415519,-0.11788165419705154
3.5200000000000027,0.20161999999999999,0.20161999999999999,-0.19044195559670607,-0.16241514882115071,0.0,0.0,-0.19044195559670607,-0.16241514882115071
3.5400000000000027,0.20161999999999999,0.20161999999999999,-0.17729669398071257,-0.16038833899189697,0.0,0.0,-0.17729669398071257,-0.16038833899189697
3.5600000000000027,0.20161999999999999,0.20161999999999999,-0.16418409172763759,-0.21548382579752334,-0.0,-0.0,-0.16418409172763759,-0.21548382579752334
3.5800000000000027,0.20161999999999999,0.20161999999999999,-0.1737318981887086,-0.24295324477875724,-0.0,-0.0,-0.1737318981887086,-0.24295324477875724
3.6000000000000028,0.20161999999999999,0.20161999999999999,-0.15793084326057838,-0.25826977335014245,0.0,0.0,-0.15793084326057838,-0.25826977335014245
3.6200000000000028,0.20161999999999999,0.20161999999999999,-0.16986361854115373,-0.26522105761245984,0.0,0.0,-0.16986361854115373,-0.26522105761245984
3.640000000000003,0.20161999999999999,0.20161999999999999,-0.17035195985249096,-0.26676482438924154,0.0,0.0,-0.17035195985249096,-0.26676482438924154
3.660000000000003,0.20161999999999999,0.20161999999999999,-0.15448199404153029,-0.26166843509804583,-0.0,-0.0,-0.15448199404153029,-0.26166843509804583
3.680000000000003,0.20161999999999999,0.20161999999999999,-0.14123886829275101,-0.25343550705090778,-0.0,-0.0,-0.14123886829275101,-0.25343550705090778
3.700000000000003,0.20161999999999999,0.20161999999999999,-0.15362667842566524,-0.25117535522603651,0.0,0.0,-0.15362667842566524,-0.25117535522603651
3.720000000000003,0.20161999999999999,0.20161999999999999,-0.15374185149679609,-0.24701781652308008,0.0,0.0,-0.15374185149679609,-0.24701781652308008
3.740000000000003,0.20161999999999999,0.20161999999999999,-0.15509212227481717,-0.25464318228777638,0.0,0.0,-0.15509212227481717,-0.25464318228777638
3.760000000000003,0.20161999999999999,0.20161999999999999,-0.13353873913068859,-0.24762868857164699,-0.0,-0.0,-0.13353873913068859,-0.24762868857164699
3.780000000000003,0.20161999999999999,0.20161999999999999,-0.13869427406278967,-0.26558192536092573,-0.0,-0.0,-0.13869427406278967,-0.26558192536092573
3.800000000000003,0.20161999999999999,0.20161999999999999,-0.15346009828843288,-0.27213885995856613,0.0,0.0,-0.15346009828843288,-0.27213885995856613
3.820000000000003,0.20161999999999999,0.20161999999999999,-0.12992061950634715,-0.2605627158801187,0.0,0.0,-0.12992061950634715,-0.2605627158801187
3.840000000000003,0.20161999999999999,0.20161999999999999,-0.17266137487269217,-0.25373913763247469,0.0,0.0,-0.17266137487269217,-0.25373913763247469
3.860000000000003,0.20161999999999999,0.20161999999999999,-0.1816902359856214,-0.24474706057084017,-0.0,-0.0,-0.1816902359856214,-0.24474706057084017
3.880000000000003,0.20161999999999999,0.20161999999999999,-0.19174898938044893,-0.22566851229467,-0.0,-0.0,-0.19174898938044893,-0.22566851229467
3.900000000000003,0.20161999999999999,0.20161999999999999,-0.20100135830661059,-0.20220279359685445,0.0,0.0,-0.20100135830661059,-0.20220279359685445
3.920000000000003,0.20161999999999999,0.20161999999999999,-0.20922333775448387,-0.17359220730874991,0.0,0.0,-0.20922333775448387,-0.17359220730874991
3.940000000000003,0.20161999999999999,0.20161999999999999,-0.21547733841870587,-0.15422392504846738,0.0,0.0,-0.21547733841870587,-0.15422392504846738
3.960000000000003,0.20161999999999999,0.20161999999999999,-0.2066950622439947,-0.12955946944703034,-0.0,-0.0,-0.2066950622439947,-0.12955946944703034
3.980000000000003,0.20161999999999999,0.20161999999999999,-0.20889129018377783,-0.099529591105985693,-0.0,-0.0,-0.20889129018377783,-0.099529591105985693
4.000000000000003,0.20161999999999999,0.20161999999999999,-0.19222381757070317,-0.099127787037004644,0.0,0.0,-0.19222381757070317,-0.099127787037004644
4.020000000000002,0.20161999999999999,0.20161999999999999,-0.19612972583512622,-0.043839203123441139,0.0,0.0,-0.19612972583512622,-0.043839203123441139
4.040000000000002,0.20161999999999999,0.20161999999999999,-0.20253997130208878,-0.0036025296568891196,0.0,0.0,-0.20253997130208878,-0.0036025296568891196
4.060000000000001,0.20161999999999999,0.20161999999999999,-0.22963798477080011,0.039738478166878588,-0.0,-0.0,-0.22963798477080011,0.039738478166878588
4.080000000000001,0.20161999999999999,0.20161999999999999,-0.2453581060964467,0.0696982421821013,-0.0,-0.0,-0.2453581060964467,0.0696982421821013
4.1000000000000005,0.20161999999999999,0.20161999999999999,-0.23378423203281229,0.10675652639589206,0.0,0.0,-0.23378423203281229,0.10675652639589206
4.12,0.20161999999999999,0.20161999999999999,-0.20079017209114225,0.15018623083586236,0.0,0.0,-0.20079017209114225,0.15018623083586236
4.14,0.20161999999999999,0.20161999999999999,-0.20614182882705978,0.15212066500403099,0.0,0.0,-0.20614182882705978,0.15212066500403099
4.159999999999999,0.20161999999999999,0.20161999999999999,-0.19794400505810739,0.17733623982248292,-0.0,-0.0,-0.19794400505810739,0.17733623982248292
4.179999999999999,0.20161999999999999,0.20161999999999999,-0.19186294737825826,0.20360159074406181,-0.0,-0.0,-0.19186294737825826,0.20360159074406181
4.199999999999998,0.20161999999999999,0.20161999999999999,-0.17921017311051246,0.22470639002747372,0.0,0.0,-0.17921017311051246,0.22470639002747372
4.219999999999998,0.20161999999999999,0.20161999999999999,-0.16391336553901303,0.24371726204008404,0.0,0.0,-0.16391336553901303,0.24371726204008404
4.2399999999999975,0.20161999999999999,0.20161999999999999,-0.15220119759101491,0.25420854540671067,0.0,0.0,-0.15220119759101491,0.25420854540671067
4.259999999999997,0.20161999999999999,0.20161999999999999,-0.1661695952097384,0.25830340467822688,-0.0,-0.0,-0.1661695952097384,0.25830340467822688
4.279999999999997,0.20161999999999999,0.20161999999999999,-0.14985737660921261,0.27458859595127971,-0.0,-0.0,-0.14985737660921261,0.27458859595127971
4.299999999999996,0.20161999999999999,0.20161999999999999,-0.14294770392589062,0.2734924986424605,0.0,0.0,-0.14294770392589062,0.2734924986424605
4.319999999999996,0.20161999999999999,0.20161999999999999,-0.15021322258171277,0.26561109525595694,0.0,0.0,-0.15021322258171277,0.26561109525595694
4.339999999999995,0.20161999999999999,0.20161999999999999,-0.14164412516851099,0.25268663942236946,0.0,0.0,-0.14164412516851099,0.25268663942236946
4.359999999999995,0.20161999999999999,0.20161999999999999,-0.12252793478713353,0.24523995800449283,-0.0,-0.0,-0.12252793478713353,0.24523995800449283
4.379999999999995,0.20161999999999999,0.20161999999999999,-0.1049262340130952,0.25164995127075662,-0.0,-0.0,-0.1049262340130952,0.25164995127075662
4.399999999999994,0.20161999999999999,0.20161999999999999,-0.082055929004951622,0.25757773829606156,0.0,0.0,-0.082055929004951622,0.25757773829606156
4.419999999999994,0.20161999999999999,0.20161999999999999,-0.065530225924951946,0.25884008890476218,0.0,0.0,-0.065530225924951946,0.25884008890476218
4.439999999999993,0.20161999999999999,0.20161999999999999,-0.052289703273611599,0.24245478189402037,0.0,0.0,-0.052289703273611599,0.24245478189402037
4.459999999999993,0.20161999999999999,0.20161999999999999,-0.034292289639613838,0.22690346279353579,-0.0,-0.0,-0.034292289639613838,0.22690346279353579
4.479999999999992,0.20161999999999999,0.20161999999999999,-0.033552205701404825,0.21138573115853032,-0.0,-0.0,-0.033552205701404825,0.21138573115853032
4.499999999999992,0.20161999999999999,0.20161999999999999,-0.015027330368539982,0.18814551923209732,0.0,0.0,-0.015027330368539982,0.18814551923209732
4.519999999999992,0.20161999999999999,0.20161999999999999,0.010663121013425148,0.16807258354333254,0.0,0.0,0.010663121013425148,0.16807258354333254
4.539999999999991,0.20161999999999999,0.20161999999999999,0.021864755435604399,0.1528394572627052,0.0,0.0,0.021864755435604399,0.1528394572627052
4.559999999999991,0.20161999999999999,0.20161999999999999,0.047199457055345784,0.13310921730922232,-0.0,-0.0,0.047199457055345784,0.13310921730922232
4.57999999999999,0.20161999999999999,0.20161999999999999,0.068243471893401741,0.11577432809249966,-0.0,-0.0,0.068243471893401741,0.11577432809249966
4.59999999999999,0.20161999999999999,0.20161999999999999,0.086571974323055745,0.10565550869578977,0.0,0.0,0.086571974323055745,0.10565550869578977
4.6199999999999894,0.20161999999999999,0.20161999999999999,0.090177249109806734,0.07351123449698016,0.0,0.0,0.090177249109806734,0.07351123449698016
4.639999999999989,0.20161999999999999,0.20161999999999999,0.097782153181895204,0.039433704881066234,0.0,0.0,0.097782153181895204,0.039433704881066234
4.659999999999989,0.20161999999999999,0.20161999999999999,0.10397106094214958,-0.005554627228423481,-0.0,-0.0,0.10397106094214958,-0.005554627228423481
4.679999999999988,0.20161999999999999,0.20161999999999999,0.086086053077466751,-0.058907971582190077,-0.0,-0.0,0.086086053077466751,-0.058907971582190077
4.699999999999988,0.20161999999999999,0.20161999999999999,0.096972517091230781,-0.10667901930298473,0.0,0.0,0.096972517091230781,-0.10667901930298473
4.719999999999987,0.20161999999999999,0.20161999999999999,0.11044110284104258,-0.13548117791197423,0.0,0.0,0.11044110284104258,-0.13548117791197423
4.739999999999987,0.20161999999999999,0.20161999999999999,0.086688047799651669,-0.16895808365745824,0.0,0.0,0.086688047799651669,-0.16895808365745824
4.7599999999999865,0.20161999999999999,0.20161999999999999,0.10968509058435205,-0.19877755880922199,-0.0,-0.0,0.10968509058435205,-0.19877755880922199
4.779999999999986,0.20161999999999999,0.20161999999999999,0.10479564480471582,-0.21857579685415862,-0.0,-0.0,0.10479564480471582,-0.21857579685415862
4.799999999999986,0.20161999999999999,0.20161999999999999,0.12576196655786998,-0.23731200994277235,0.0,0.0,0.12576196655786998,-0.23731200994277235
4.819999999999985,0.20161999999999999,0.20161999999999999,0.12637225909344574,-0.24749914838035814,0.0,0.0,0.12637225909344574,-0.24749914838035814
4.839999999999985,0.20161999999999999,0.20161999999999999,0.13844840061923414,-0.25009744019063995,0.0,0.0,0.13844840061923414,-0.25009744019063995
4.859999999999984,0.20161999999999999,0.20161999999999999,0.12846598771702045,-0.24962782659056115,-0.0,-0.0,0.12846598771702045,-0.24962782659056115
4.879999999999984,0.20161999999999999,0.20161999999999999,0.14812912699886782,-0.24113999053316815,-0.0,-0.0,0.14812912699886782,-0.24113999053316815
4.8999999999999835,0.20161999999999999,0.20161999999999999,0.1374228161367117,-0.23282678727640249,0.0,0.0,0.1374228161367117,-0.23282678727640249
4.919999999999983,0.20161999999999999,0.20161999999999999,0.14619057115934031,-0.21930617424046228,0.0,0.0,0.14619057115934031,-0.21930617424046228
4.939999999999983,0.20161999999999999,0.20161999999999999,0.17529219324170531,-0.21368258226889014,0.0,0.0,0.17529219324170531,-0.21368258226889014
4.959999999999982,0.20161999999999999,0.20161999999999999,0.16187690553478684,-0.23110988777909602,-0.0,-0.0,0.16187690553478684,-0.23110988777909602
4.979999999999982,0.20161999999999999,0.20161999999999999,0.14893344643763173,-0.22771464983512169,-0.0,-0.0,0.14893344643763173,-0.22771464983512169
4.999999999999981,0.20161999999999999,0.20161999999999999,0.13554634021719902,-0.23429178366151193,0.0,0.0,0.13554634021719902,-0.23429178366151193
5.019999999999981,0.20161999999999999,0.20161999999999999,0.11843197369458225,-0.23127832610824006,0.0,0.0,0.11843197369458225,-0.23127832610824006
5.0399999999999805,0.20161999999999999,0.20161999999999999,0.10397409794228318,-0.22318702402984392,0.0,0.0,0.10397409794228318,-0.22318702402984392
5.05999999999998,0.20161999999999999,0.20161999999999999,0.090567341669886003,-0.21527889946039958,-0.0,-0.0,0.090567341669886003,-0.21527889946039958
5.07999999999998,0.20161999999999999,0.20161999999999999,0.094127834533721533,-0.2132595999746012,-0.0,-0.0,0.094127834533721533,-0.2132595999746012
5.099999999999979,0.20161999999999999,0.20161999999999999,0.11431621066019382,-0.19787542421557336,0.0,0.0,0.11431621066019382,-0.19787542421557336
5.119999999999979,0.20161999999999999,0.20161999999999999,0.12057835796600425,-0.17309424333525469,0.0,0.0,0.12057835796600425,-0.17309424333525469
5.139999999999978,0.20161999999999999,0.20161999999999999,0.17017446731844021,-0.14430887878988896,0.0,0.0,0.17017446731844021,-0.14430887878988896
5.159999999999978,0.20161999999999999,0.20161999999999999,0.16981750249050376,-0.12605705469545248,-0.0,-0.0,0.16981750249050376,-0.12605705469545248
5.1799999999999775,0.20161999999999999,0.20161999999999999,0.17977130376146233,-0.09836574287108224,-0.0,-0.0,0.17977130376146233,-0.09836574287108224
5.199999999999977,0.20161999999999999,0.20161999999999999,0.16567233290514749,-0.074314255582847988,0.0,0.0,0.16567233290514749,-0.074314255582847988
5.219999999999977,0.20161999999999999,0.20161999999999999,0.16531812777468002,-0.050688482950121072,0.0,0.0,0.16531812777468002,-0.050688482950121072
5.239999999999976,0.20161999999999999,0.20161999999999999,0.15863182307196544,-0.049581985680219764,0.0,0.0,0.15863182307196544,-0.049581985680219764
5.259999999999976,0.20161999999999999,0.20161999999999999,0.19079300036241897,0.021418261323279397,-0.0,-0.0,0.19079300036241897,0.021418261323279397
5.279999999999975,0.20161999999999999,0.20161999999999999,0.18574688675966944,0.071626206403946346,-0.0,-0.0,0.18574688675966944,0.071626206403946346
5.299999999999975,0.20161999999999999,0.20161999999999999,0.20705855837890241,0.11978691965467103,0.0,0.0,0.20705855837890241,0.11978691965467103
5.3199999999999745,0.20161999999999999,0.20161999999999999,0.21077638260881848,0.16944547603229654,0.0,0.0,0.21077638260881848,0.16944547603229654
5.339999999999974,0.20161999999999999,0.20161999999999999,0.20555736907801547,0.20852650620734159,0.0,0.0,0.20555736907801547,0.20852650620734159
5.359999999999974,0.20161999999999999,0.20161999999999999,0.18997109468292894,0.23931212108444799,-0.0,-0.0,0.18997109468292894,0.23931212108444799
5.379999999999973,0.20161999999999999,0.20161999999999999,0.17311906866801285,0.2612573576037549,-0.0,-0.0,0.17311906866801285,0.2612573576037549
5.399999999999973,0.20161999999999999,0.20161999999999999,0.15323664549251825,0.27576564387909741,0.0,0.0,0.15323664549251825,0.27576564387909741
5.419999999999972,0.20161999999999999,0.20161999999999999,0.14725007869072737,0.24799356968398323,0.0,0.0,0.14725007869072737,0.24799356968398323
5.439999999999972,0.20161999999999999,0.20161999999999999,0.13154820462613181,0.27325102506825072,0.0,0.0,0.13154820462613181,0.27325102506825072
5.4599999999999715,0.20161999999999999,0.20161999999999999,0.11653102980427454,0.27689510865061484,-0.0,-0.0,0.11653102980427454,0.27689510865061484
5.479999999999971,0.20161999999999999,0.20161999999999999,0.10336531680959649,0.25917089053901177,-0.0,-0.0,0.10336531680959649,0.25917089053901177
5.499999999999971,0.20161999999999999,0.20161999999999999,0.093115530452488882,0.24542902066699024,0.0,0.0,0.093115530452488882,0.24542902066699024
5.51999999999997,0.20161999999999999,0.20161999999999999,0.092251447392180497,0.24151583495729523,0.0,0.0,0.092251447392180497,0.24151583495729523
5.53999999999997,0.20161999999999999,0.20161999999999999,0.09532617444947622,0.25131775107989873,0.0,0.0,0.09532617444947622,0.25131775107989873
5.559999999999969,0.20161999999999999,0.20161999999999999,0.070215658118569335,0.26281935882905705,-0.0,-0.0,0.070215658118569335,0.26281935882905705
5.579999999999969,0.20161999999999999,0.20161999999999999,0.032456594503652791,0.2647212704644033,-0.0,-0.0,0.032456594503652791,0.2647212704644033
5.599999999999969,0.20161999999999999,0.20161999999999999,0.0086892412055352697,0.26576057993668156,0.0,0.0,0.0086892412055352697,0.26576057993668156
5.619999999999968,0.20161999999999999,0.20161999999999999,-0.012343306591265701,0.26195288861930699,0.0,0.0,-0.012343306591265701,0.26195288861930699
5.639999999999968,0.20161999999999999,0.20161999999999999,-0.021304710338434729,0.25366628364642096,0.0,0.0,-0.021304710338434729,0.25366628364642096
5.659999999999967,0.20161999999999999,0.20161999999999999,-0.014391413038252754,0.22584155559435071,-0.0,-0.0,-0.014391413038252754,0.22584155559435071
5.679999999999967,0.20161999999999999,0.20161999999999999,-0.027032409028611593,0.21227774181832393,-0.0,-0.0,-0.027032409028611593,0.21227774181832393
5.699999999999966,0.20161999999999999,0.20161999999999999,-0.036955646512938367,0.18341118461954831,0.0,0.0,-0.036955646512938367,0.18341118461954831
5.719999999999966,0.20161999999999999,0.20161999999999999,-0.046017725808860988,0.15727049529455983,0.0,0.0,-0.046017725808860988,0.15727049529455983
5.739999999999966,0.20161999999999999,0.20161999999999999,-0.083387848175471957,0.12952086430945697,0.0,0.0,-0.083387848175471957,0.12952086430945697
5.759999999999965,0.20161999999999999,0.20161999999999999,-0.11663385206907617,0.10704162475921231,-0.0,-0.0,-0.11663385206907617,0.10704162475921231
5.779999999999965,0.20161999999999999,0.20161999999999999,-0.12809760425145567,0.080791796510945479,-0.0,-0.0,-0.12809760425145567,0.080791796510945479
5.799999999999964,0.20161999999999999,0.20161999999999999,-0.16324103373481091,0.05037765365901592,0.0,0.0,-0.16324103373481091,0.05037765365901592
5.819999999999964,0.20161999999999999,0.20161999999999999,-0.17409190702583976,0.0071099005914572189,0.0,0.0,-0.17409190702583976,0.0071099005914572189
5.839999999999963,0.20161999999999999,0.20161999999999999,-0.16810039078192229,-0.024963226219948842,0.0,0.0,-0.16810039078192229,-0.024963226219948842
5.859999999999963,0.20161999999999999,0.20161999999999999,-0.16624545912558597,-0.077489873092282613,-0.0,-0.0,-0.16624545912558597,-0.077489873092282613
5.879999999999963,0.20161999999999999,0.20161999999999999,-0.14503467450101049,-0.12310412557861428,-0.0,-0.0,-0.14503467450101049,-0.12310412557861428
5.899999999999962,0.20161999999999999,0.20161999999999999,-0.15334012117790641,-0.16184140779073375,0.0,0.0,-0.15334012117790641,-0.16184140779073375
5.919999999999962,0.20161999999999999,0.20161999999999999,-0.158581018439232,-0.19394973861083775,0.0,0.0,-0.158581018439232,-0.19394973861083775
5.939999999999961,0.20161999999999999,0.20161999999999999,-0.15227189092654991,-0.21811450460921011,0.0,0.0,-0.15227189092654991,-0.21811450460921011
5.959999999999961,0.20161999999999999,0.20161999999999999,-0.14974070222194924,-0.23652620761584942,-0.0,-0.0,-0.14974070222194924,-0.23652620761584942
5.9799999999999605,0.20161999999999999,0.20161999999999999,-0.14582669241033686,-0.24951897679349755,-0.0,-0.0,-0.14582669241033686,-0.24951897679349755
5.99999999999996,0.20161999999999999,0.20161999999999999,-0.17507296355737467,-0.25790493240252599,0.0,0.0,-0.17507296355737467,-0.25790493240252599
6.01999999999996,0.20161999999999999,0.20161999999999999,-0.1698477447888882,-0.2599386124398686,0.0,0.0,-0.1698477447888882,-0.2599386124398686
6.039999999999959,0.20161999999999999,0.20161999999999999,-0.18466983294030381,-0.25649315831855968,0.0,0.0,-0.18466983294030381,-0.25649315831855968
6.059999999999959,0.20161999999999999,0.20161999999999999,-0.18983590520485172,-0.2477086270651585,-0.0,-0.0,-0.18983590520485172,-0.2477086270651585
6.079999999999958,0.20161999999999999,0.20161999999999999,-0.17166586234353587,-0.24308104551565535,-0.0,-0.0,-0.17166586234353587,-0.24308104551565535
6.099999999999958,0.20161999999999999,0.20161999999999999,-0.17491945461725655,-0.24838462611555512,0.0,0.0,-0.17491945461725655,-0.24838462611555512
6.1199999999999575,0.20161999999999999,0.20161999999999999,-0.17162339152674266,-0.25376158684946493,0.0,0.0,-0.17162339152674266,-0.25376158684946493
6.139999999999957,0.20161999999999999,0.20161999999999999,-0.15427009035422889,-0.26189671145521376,0.0,0.0,-0.15427009035422889,-0.26189671145521376
6.159999999999957,0.20161999999999999,0.20161999999999999,-0.15595891015412344,-0.2676200842229326,-0.0,-0.0,-0.15595891015412344,-0.2676200842229326
6.179999999999956,0.20161999999999999,0.20161999999999999,-0.1532469875587319,-0.26354888249375508,-0.0,-0.0,-0.1532469875587319,-0.26354888249375508
6.199999999999956,0.20161999999999999,0.20161999999999999,-0.17203591653638739,-0.24786252162125999,0.0,0.0,-0.17203591653638739,-0.24786252162125999
6.219999999999955,0.20161999999999999,0.20161999999999999,-0.1800314365410105,-0.24827910818153143,0.0,0.0,-0.1800314365410105,-0.24827910818153143
6.239999999999955,0.20161999999999999,0.20161999999999999,-0.20732359901066144,-0.24131339891962456,0.0,0.0,-0.20732359901066144,-0.24131339891962456
6.2599999999999545,0.20161999999999999,0.20161999999999999,-0.21067814037061061,-0.22120782659216531,-0.0,-0.0,-0.21067814037061061,-0.22120782659216531
6.279999999999954,0.20161999999999999,0.20161999999999999,-0.19413412363590177,-0.19400298365691082,-0.0,-0.0,-0.19413412363590177,-0.19400298365691082
6.299999999999954,0.20161999999999999,0.20161999999999999,-0.16835973174141006,-0.16211351142654129,0.0,0.0,-0.16835973174141006,-0.16211351142654129
6.319999999999953,0.20161999999999999,0.20161999999999999,-0.1577816276124282,-0.13094387409646502,0.0,0.0,-0.1577816276124282,-0.13094387409646502
6.339999999999953,0.20161999999999999,0.20161999999999999,-0.1580716618723268,-0.10275902238558166,0.0,0.0,-0.1580716618723268,-0.10275902238558166
6.359999999999952,0.20161999999999999,0.20161999999999999,-0.15887409759111848,-0.079784669547595666,-0.0,-0.0,-0.15887409759111848,-0.079784669547595666
6.379999999999952,0.20161999999999999,0.20161999999999999,-0.18347314536440806,-0.054684185436981503,-0.0,-0.0,-0.18347314536440806,-0.054684185436981503
6.3999999999999515,0.20161999999999999,0.20161999999999999,-0.20492595427389038,-0.025403197802645217,0.0,0.0,-0.20492595427389038,-0.025403197802645217
6.419999999999951,0.20161999999999999,0.20161999999999999,-0.20721057025836331,0.0065382672422298338,0.0,0.0,-0.20721057025836331,0.0065382672422298338
6.439999999999951,0.20161999999999999,0.20161999999999999,-0.21855862609271037,0.051481621023331092,0.0,0.0,-0.21855862609271037,0.051481621023331092
6.45999999999995,0.20161999999999999,0.20161999999999999,-0.22820454870546936,0.0980528571636885,-0.0,-0.0,-0.22820454870546936,0.0980528571636885
6.47999999999995,0.20161999999999999,0.20161999999999999,-0.23484318148869932,0.14159560779910652,-0.0,-0.0,-0.23484318148869932,0.14159560779910652
6.499999999999949,0.20161999999999999,0.20161999999999999,-0.20306301254498904,0.18129173978154434,0.0,0.0,-0.20306301254498904,0.18129173978154434
6.519999999999949,0.20161999999999999,0.20161999999999999,-0.18134281132909269,0.21640420333258992,0.0,0.0,-0.18134281132909269,0.21640420333258992
6.5399999999999485,0.20161999999999999,0.20161999999999999,-0.16312415999350915,0.24292886361738475,0.0,0.0,-0.16312415999350915,0.24292886361738475
6.559999999999948,0.20161999999999999,0.20161999999999999,-0.15431566239501548,0.26160658021001759,-0.0,-0.0,-0.15431566239501548,0.26160658021001759
6.579999999999948,0.20161999999999999,0.20161999999999999,-0.14946600208622085,0.27298836598535292,-0.0,-0.0,-0.14946600208622085,0.27298836598535292
6.599999999999947,0.20161999999999999,0.20161999999999999,-0.16789044907937356,0.29395183493624111,0.0,0.0,-0.16789044907937356,0.29395183493624111
6.619999999999947,0.20161999999999999,0.20161999999999999,-0.15752339273862037,0.29518198740912616,0.0,0.0,-0.15752339273862037,0.29518198740912616
6.639999999999946,0.20161999999999999,0.20161999999999999,-0.13476895848761572,0.29048633089380593,0.0,0.0,-0.13476895848761572,0.29048633089380593
6.659999999999946,0.20161999999999999,0.20161999999999999,-0.14024796901925374,0.27870183793122116,-0.0,-0.0,-0.14024796901925374,0.27870183793122116
6.6799999999999455,0.20161999999999999,0.20161999999999999,-0.1475613161952789,0.27128272828670097,-0.0,-0.0,-0.1475613161952789,0.27128272828670097
6.699999999999945,0.20161999999999999,0.20161999999999999,-0.14426201468822364,0.26393064225085405,0.0,0.0,-0.14426201468822364,0.26393064225085405
6.719999999999945,0.20161999999999999,0.20161999999999999,-0.13270372359590166,0.26371074329195521,0.0,0.0,-0.13270372359590166,0.26371074329195521
6.739999999999944,0.20161999999999999,0.20161999999999999,-0.11792379002410391,0.26757514122212855,0.0,0.0,-0.11792379002410391,0.26757514122212855
6.759999999999944,0.20161999999999999,0.20161999999999999,-0.10405922870184781,0.27160972321901289,-0.0,-0.0,-0.10405922870184781,0.27160972321901289
6.779999999999943,0.20161999999999999,0.20161999999999999,-0.093000419256067612,0.26476358978576076,-0.0,-0.0,-0.093000419256067612,0.26476358978576076
6.799999999999943,0.20161999999999999,0.20161999999999999,-0.082431979184769189,0.25486808758070545,0.0,0.0,-0.082431979184769189,0.25486808758070545
6.8199999999999426,0.20161999999999999,0.20161999999999999,-0.059300145479830979,0.23347966384946295,0.0,0.0,-0.059300145479830979,0.23347966384946295
6.839999999999942,0.20161999999999999,0.20161999999999999,-0.034024111407391144,0.21219350986246943,0.0,0.0,-0.034024111407391144,0.21219350986246943
6.859999999999942,0.20161999999999999,0.20161999999999999,-0.0077972804159871512,0.18710287730228048,-0.0,-0.0,-0.0077972804159871512,0.18710287730228048
6.879999999999941,0.20161999999999999,0.20161999999999999,0.01732397832712862,0.16133143174970321,-0.0,-0.0,0.01732397832712862,0.16133143174970321
6.899999999999941,0.20161999999999999,0.20161999999999999,0.046299371174405524,0.14074928826652333,0.0,0.0,0.046299371174405524,0.14074928826652333
6.91999999999994,0.20161999999999999,0.20161999999999999,0.08814142420265525,0.11476351800359441,0.0,0.0,0.08814142420265525,0.11476351800359441
6.93999999999994,0.20161999999999999,0.20161999999999999,0.086982974326967666,0.11612955931150215,0.0,0.0,0.086982974326967666,0.11612955931150215
6.95999999999994,0.20161999999999999,0.20161999999999999,0.12386892480197398,0.070566324977319628,-0.0,-0.0,0.12386892480197398,0.070566324977319628
6.979999999999939,0.20161999999999999,0.20161999999999999,0.096511792377075967,0.030510499135943503,-0.0,-0.0,0.096511792377075967,0.030510499135943503
6.999999999999939,0.20161999999999999,0.20161999999999999,0.11207189383381655,-0.0018076435203020491,0.0,0.0,0.11207189383381655,-0.0018076435203020491
7.019999999999938,0.20161999999999999,0.20161999999999999,0.12736964945957974,-0.054175818116175112,0.0,0.0,0.12736964945957974,-0.054175818116175112
7.039999999999938,0.20161999999999999,0.20161999999999999,0.13424527829504318,-0.10018020065321576,0.0,0.0,0.13424527829504318,-0.10018020065321576
7.059999999999937,0.20161999999999999,0.20161999999999999,0.12292426977720772,-0.13979435414621255,-0.0,-0.0,0.12292426977720772,-0.13979435414621255
7.079999999999937,0.20161999999999999,0.20161999999999999,0.12229867098206859,-0.1795428912153616,-0.0,-0.0,0.12229867098206859,-0.1795428912153616
7.099999999999937,0.20161999999999999,0.20161999999999999,0.12885972170985927,-0.20777378643780198,0.0,0.0,0.12885972170985927,-0.20777378643780198
7.119999999999936,0.20161999999999999,0.20161999999999999,0.10972333486849295,-0.23012618643015315,0.0,0.0,0.10972333486849295,-0.23012618643015315
7.139999999999936,0.20161999999999999,0.20161999999999999,0.12982263187529108,-0.24428490722822027,0.0,0.0,0.12982263187529108,-0.24428490722822027
7.159999999999935,0.20161999999999999,0.20161999999999999,0.14363398655015347,-0.2504938665836669,-0.0,-0.0,0.14363398655015347,-0.2504938665836669
7.179999999999935,0.20161999999999999,0.20161999999999999,0.1489257699344857,-0.24930742144103868,-0.0,-0.0,0.1489257699344857,-0.24930742144103868
7.1999999999999345,0.20161999999999999,0.20161999999999999,0.1470959015644846,-0.24524649057409875,0.0,0.0,0.1470959015644846,-0.24524649057409875
7.219999999999934,0.20161999999999999,0.20161999999999999,0.10813440570954191,-0.24045051793731309,0.0,0.0,0.10813440570954191,-0.24045051793731309
7.239999999999934,0.20161999999999999,0.20161999999999999,0.13098240179027743,-0.23150669910839716,0.0,0.0,0.13098240179027743,-0.23150669910839716
7.259999999999933,0.20161999999999999,0.20161999999999999,0.13904995886638161,-0.22514860440346363,-0.0,-0.0,0.13904995886638161,-0.22514860440346363
7.279999999999933,0.20161999999999999,0.20161999999999999,0.13780256943866287,-0.237334380064957,-0.0,-0.0,0.13780256943866287,-0.237334380064957
7.299999999999932,0.20161999999999999,0.20161999999999999,0.11572151899394512,-0.25104716359435963,0.0,0.0,0.11572151899394512,-0.25104716359435963
7.319999999999932,0.20161999999999999,0.20161999999999999,0.11871107258812796,-0.2612747188917881,0.0,0.0,0.11871107258812796,-0.2612747188917881
7.3399999999999315,0.20161999999999999,0.20161999999999999,0.11169676128493689,-0.2723223031769475,0.0,0.0,0.11169676128493689,-0.2723223031769475
7.359999999999931,0.20161999999999999,0.20161999999999999,0.083449783719635073,-0.26346455738966035,-0.0,-0.0,0.083449783719635073,-0.26346455738966035
7.379999999999931,0.20161999999999999,0.20161999999999999,0.11631202408194108,-0.26809556228053011,-0.0,-0.0,0.11631202408194108,-0.26809556228053011
7.39999999999993,0.20161999999999999,0.20161999999999999,0.11382281448753373,-0.24370370296846722,0.0,0.0,0.11382281448753373,-0.24370370296846722
7.41999999999993,0.20161999999999999,0.20161999999999999,0.12266068637426142,-0.23122185059513378,0.0,0.0,0.12266068637426142,-0.23122185059513378
7.439999999999929,0.20161999999999999,0.20161999999999999,0.14733437515101255,-0.20794327506945764,0.0,0.0,0.14733437515101255,-0.20794327506945764
7.459999999999929,0.20161999999999999,0.20161999999999999,0.16859017842885748,-0.19462393550037693,-0.0,-0.0,0.16859017842885748,-0.19462393550037693
7.4799999999999285,0.20161999999999999,0.20161999999999999,0.1924777243967486,-0.17124420074641566,-0.0,-0.0,0.1924777243967486,-0.17124420074641566
7.499999999999928,0.20161999999999999,0.20161999999999999,0.2049398040269188,-0.15812814419824162,0.0,0.0,0.2049398040269188,-0.15812814419824162
7.519999999999928,0.20161999999999999,0.20161999999999999,0.2032815377013264,-0.10629774028663852,0.0,0.0,0.2032815377013264,-0.10629774028663852
7.539999999999927,0.20161999999999999,0.20161999999999999,0.1955176033567454,-0.076215152735010783,0.0,0.0,0.1955176033567454,-0.076215152735010783
7.559999999999927,0.20161999999999999,0.20161999999999999,0.20545672298237005,-0.052824191776437823,-0.0,-0.0,0.20545672298237005,-0.052824191776437823
7.579999999999926,0.20161999999999999,0.20161999999999999,0.20240788231253726,-0.021549015639248381,-0.0,-0.0,0.20240788231253726,-0.021549015639248381
7.599999999999926,0.20161999999999999,0.20161999999999999,0.19562200975030875,0.010806905990313975,0.0,0.0,0.19562200975030875,0.010806905990313975
7.6199999999999255,0.20161999999999999,0.20161999999999999,0.19008875652972579,0.021253195221705434,0.0,0.0,0.19008875652972579,0.021253195221705434
7.639999999999925,0.20161999999999999,0.20161999999999999,0.18581390198928704,0.098255843420737676,0.0,0.0,0.18581390198928704,0.098255843420737676
7.659999999999925,0.20161999999999999,0.20161999999999999,0.16774152301874468,0.11588742690143405,-0.0,-0.0,0.16774152301874468,0.11588742690143405
7.679999999999924,0.20161999999999999,0.20161999999999999,0.16036603471719313,0.18624921974614783,-0.0,-0.0,0.16036603471719313,0.18624921974614783
7.699999999999924,0.20161999999999999,0.20161999999999999,0.14750523081759748,0.22869115454881839,0.0,0.0,0.14750523081759748,0.22869115454881839
7.719999999999923,0.20161999999999999,0.20161999999999999,0.15754285056684814,0.22014334397904145,0.0,0.0,0.15754285056684814,0.22014334397904145
7.739999999999923,0.20161999999999999,0.20161999999999999,0.16060906414482212,0.26719939513096058,0.0,0.0,0.16060906414482212,0.26719939513096058
7.7599999999999225,0.20161999999999999,0.20161999999999999,0.1584422024006682,0.28596511724961315,-0.0,-0.0,0.1584422024006682,0.28596511724961315
7.779999999999922,0.20161999999999999,0.20161999999999999,0.15185471863712818,0.2922146667214538,-0.0,-0.0,0.15185471863712818,0.2922146667214538
7.799999999999922,0.20161999999999999,0.20161999999999999,0.13607462139322712,0.29506556334032319,0.0,0.0,0.13607462139322712,0.29506556334032319
7.819999999999921,0.20161999999999999,0.20161999999999999,0.11670480909879322,0.28691508969798618,0.0,0.0,0.11670480909879322,0.28691508969798618
7.839999999999921,0.20161999999999999,0.20161999999999999,0.099359722568721498,0.27392954190185081,0.0,0.0,0.099359722568721498,0.27392954190185081
7.85999999999992,0.20161999999999999,0.20161999999999999,0.083278567807114179,0.25563069408271022,-0.0,-0.0,0.083278567807114179,0.25563069408271022
7.87999999999992,0.20161999999999999,0.20161999999999999,0.072010327568221566,0.23630965619624988,-0.0,-0.0,0.072010327568221566,0.23630965619624988
7.8999999999999195,0.20161999999999999,0.20161999999999999,0.053588330117416483,0.21987918072630963,0.0,0.0,0.053588330117416483,0.21987918072630963
7.919999999999919,0.20161999999999999,0.20161999999999999,0.037066881841935961,0.20968657938238633,0.0,0.0,0.037066881841935961,0.20968657938238633
7.939999999999919,0.20161999999999999,0.20161999999999999,0.024316235059893776,0.22539198636284241,0.0,0.0,0.024316235059893776,0.22539198636284241
7.959999999999918,0.20161999999999999,0.20161999999999999,0.012869676301139776,0.2334077956163485,-0.0,-0.0,0.012869676301139776,0.2334077956163485
7.979999999999918,0.20161999999999999,0.20161999999999999,0.0086358832097390703,0.23534153596088703,-0.0,-0.0,0.0086358832097390703,0.23534153596088703
7.999999999999917,0.20161999999999999,0.20161999999999999,0.0053704762372976944,0.23079217867054447,0.0,0.0,0.0053704762372976944,0.23079217867054447
8.019999999999918,0.20161999999999999,0.20161999999999999,0.0064075655158584155,0.21457325192969856,0.0,0.0,0.0064075655158584155,0.21457325192969856
8.039999999999917,0.20161999999999999,0.20161999999999999,-0.0098926214663332956,0.18395572032914131,0.0,0.0,-0.0098926214663332956,0.18395572032914131
8.059999999999917,0.20161999999999999,0.20161999999999999,-0.041380636275029747,0.17529114704447379,-0.0,-0.0,-0.041380636275029747,0.17529114704447379
8.079999999999917,0.20161999999999999,0.20161999999999999,-0.076875780205366562,0.15782261995959401,-0.0,-0.0,-0.076875780205366562,0.15782261995959401
8.099999999999916,0.20161999999999999,0.20161999999999999,-0.11107720437038249,0.13395668685078377,0.0,0.0,-0.11107720437038249,0.13395668685078377
8.119999999999916,0.20161999999999999,0.20161999999999999,-0.10605747809906552,0.11309752574770116,0.0,0.0,-0.10605747809906552,0.11309752574770116
8.139999999999915,0.20161999999999999,0.20161999999999999,-0.13200253995139599,0.081861906007018925,0.0,0.0,-0.13200253995139599,0.081861906007018925
8.159999999999915,0.20161999999999999,0.20161999999999999,-0.15583374549961815,0.045877225374199249,-0.0,-0.0,-0.15583374549961815,0.045877225374199249
8.179999999999914,0.20161999999999999,0.20161999999999999,-0.16048940239066911,0.043728775681524779,-0.0,-0.0,-0.16048940239066911,0.043728775681524779
8.199999999999914,0.20161999999999999,0.20161999999999999,-0.1842394038188675,-0.026823278043251353,0.0,0.0,-0.1842394038188675,-0.026823278043251353
8.219999999999914,0.20161999999999999,0.20161999999999999,-0.22517676725132318,-0.084374053204371302,0.0,0.0,-0.22517676725132318,-0.084374053204371302
8.239999999999913,0.20161999999999999,0.20161999999999999,-0.22012366808367023,-0.13108672416968292,0.0,0.0,-0.22012366808367023,-0.13108672416968292
8.259999999999913,0.20161999999999999,0.20161999999999999,-0.22975434698798503,-0.16983669003596447,-0.0,-0.0,-0.22975434698798503,-0.16983669003596447
8.279999999999912,0.20161999999999999,0.20161999999999999,-0.21070711155004984,-0.19988804822282114,-0.0,-0.0,-0.21070711155004984,-0.19988804822282114
8.299999999999912,0.20161999999999999,0.20161999999999999,-0.19050445192567622,-0.22261119266308316,0.0,0.0,-0.19050445192567622,-0.22261119266308316
8.319999999999911,0.20161999999999999,0.20161999999999999,-0.15575296816925821,-0.2360612671646336,0.0,0.0,-0.15575296816925821,-0.2360612671646336
8.339999999999911,0.20161999999999999,0.20161999999999999,-0.17839879874842124,-0.24652905302934003,0.0,0.0,-0.17839879874842124,-0.24652905302934003
8.35999999999991,0.20161999999999999,0.20161999999999999,-0.18511161149110045,-0.24835346945061598,-0.0,-0.0,-0.18511161149110045,-0.24835346945061598
8.37999999999991,0.20161999999999999,0.20161999999999999,-0.16492615584379644,-0.21360437465308801,-0.0,-0.0,-0.16492615584379644,-0.21360437465308801
8.39999999999991,0.20161999999999999,0.20161999999999999,-0.16841914772633038,-0.22948272034883077,0.0,0.0,-0.16841914772633038,-0.22948272034883077
8.41999999999991,0.20161999999999999,0.20161999999999999,-0.16695915547857521,-0.22717176256082228,0.0,0.0,-0.16695915547857521,-0.22717176256082228
8.439999999999909,0.20161999999999999,0.20161999999999999,-0.16278406111706434,-0.23577165075671336,0.0,0.0,-0.16278406111706434,-0.23577165075671336
8.459999999999908,0.20161999999999999,0.20161999999999999,-0.12950661589085,-0.2344445773818058,-0.0,-0.0,-0.12950661589085,-0.2344445773818058
8.479999999999908,0.20161999999999999,0.20161999999999999,-0.12652026066803335,-0.22899993400994845,-0.0,-0.0,-0.12652026066803335,-0.22899993400994845
8.499999999999908,0.20161999999999999,0.20161999999999999,-0.15272830708529561,-0.22551046047732726,0.0,0.0,-0.15272830708529561,-0.22551046047732726
8.519999999999907,0.20161999999999999,0.20161999999999999,-0.14800392660276374,-0.2423754028097298,0.0,0.0,-0.14800392660276374,-0.2423754028097298
8.539999999999907,0.20161999999999999,0.20161999999999999,-0.142605583102688,-0.23896410571892801,0.0,0.0,-0.142605583102688,-0.23896410571892801
8.559999999999906,0.20161999999999999,0.20161999999999999,-0.12826856566851852,-0.2337859771578521,-0.0,-0.0,-0.12826856566851852,-0.2337859771578521
8.579999999999906,0.20161999999999999,0.20161999999999999,-0.14919894692969859,-0.22026789154989634,-0.0,-0.0,-0.14919894692969859,-0.22026789154989634
8.599999999999905,0.20161999999999999,0.20161999999999999,-0.16466230713661867,-0.20504316768212005,0.0,0.0,-0.16466230713661867,-0.20504316768212005
8.619999999999905,0.20161999999999999,0.20161999999999999,-0.1770924084188148,-0.20899015292252399,0.0,0.0,-0.1770924084188148,-0.20899015292252399
8.639999999999905,0.20161999999999999,0.20161999999999999,-0.16657355212254688,-0.16172898595328777,0.0,0.0,-0.16657355212254688,-0.16172898595328777
8.659999999999904,0.20161999999999999,0.20161999999999999,-0.19749984111434693,-0.13648465753394556,-0.0,-0.0,-0.19749984111434693,-0.13648465753394556
8.679999999999904,0.20161999999999999,0.20161999999999999,-0.22720122625377104,-0.11657404108137981,-0.0,-0.0,-0.22720122625377104,-0.11657404108137981
8.699999999999903,0.20161999999999999,0.20161999999999999,-0.24334398714645911,-0.096465913999944419,0.0,0.0,-0.24334398714645911,-0.096465913999944419
8.719999999999903,0.20161999999999999,0.20161999999999999,-0.25338260176190031,-0.078746789516404014,0.0,0.0,-0.25338260176190031,-0.078746789516404014
8.739999999999903,0.20161999999999999,0.20161999999999999,-0.25467196634800571,-0.044431295362170609,0.0,0.0,-0.25467196634800571,-0.044431295362170609
8.759999999999902,0.20161999999999999,0.20161999999999999,-0.2400262372529991,-0.015419577826327524,-0.0,-0.0,-0.2400262372529991,-0.015419577826327524
8.779999999999902,0.20161999999999999,0.20161999999999999,-0.21919812344613421,0.022294268997944844,-0.0,-0.0,-0.21919812344613421,0.022294268997944844
8.799999999999901,0.20161999999999999,0.20161999999999999,-0.20350412934015805,0.069405993480680328,0.0,0.0,-0.20350412934015805,0.069405993480680328
8.8199999999999,0.20161999999999999,0.20161999999999999,-0.19939926245192741,0.10830165836753913,0.0,0.0,-0.19939926245192741,0.10830165836753913
8.8399999999999,0.20161999999999999,0.20161999999999999,-0.17859188236745149,0.1463896566795686,0.0,0.0,-0.17859188236745149,0.1463896566795686
8.8599999999999,0.20161999999999999,0.20161999999999999,-0.18510549428437328,0.144651684574997,-0.0,-0.0,-0.18510549428437328,0.144651684574997
8.8799999999999,0.20161999999999999,0.20161999999999999,-0.17985228835702305,0.20468901691624852,-0.0,-0.0,-0.17985228835702305,0.20468901691624852
8.899999999999899,0.20161999999999999,0.20161999999999999,-0.18486242572709988,0.23670985154447055,0.0,0.0,-0.18486242572709988,0.23670985154447055
8.919999999999899,0.20161999999999999,0.20161999999999999,-0.19194747163564418,0.253928937917276,0.0,0.0,-0.19194747163564418,0.253928937917276
8.939999999999898,0.20161999999999999,0.20161999999999999,-0.17333733738069657,0.27012937891374489,0.0,0.0,-0.17333733738069657,0.27012937891374489
8.959999999999898,0.20161999999999999,0.20161999999999999,-0.15734739384966701,0.27597862338699142,-0.0,-0.0,-0.15734739384966701,0.27597862338699142
8.979999999999897,0.20161999999999999,0.20161999999999999,-0.14335513704957337,0.27503960067275135,-0.0,-0.0,-0.14335513704957337,0.27503960067275135
8.999999999999897,0.20161999999999999,0.20161999999999999,-0.11944587323964395,0.29098600295785837,0.0,0.0,-0.11944587323964395,0.29098600295785837
9.019999999999897,0.20161999999999999,0.20161999999999999,-0.12081035370046811,0.28289129014506909,0.0,0.0,-0.12081035370046811,0.28289129014506909
9.039999999999896,0.20161999999999999,0.20161999999999999,-0.13800252182294837,0.27160766311522999,0.0,0.0,-0.13800252182294837,0.27160766311522999
9.059999999999896,0.20161999999999999,0.20161999999999999,-0.11816607085882147,0.26066911094001588,-0.0,-0.0,-0.11816607085882147,0.26066911094001588
9.079999999999895,0.20161999999999999,0.20161999999999999,-0.12423040931385376,0.24543509277018227,-0.0,-0.0,-0.12423040931385376,0.24543509277018227
9.099999999999895,0.20161999999999999,0.20161999999999999,-0.11871398494400665,0.26124136650634311,0.0,0.0,-0.11871398494400665,0.26124136650634311
9.119999999999894,0.20161999999999999,0.20161999999999999,-0.097433379818268939,0.26605401057682521,0.0,0.0,-0.097433379818268939,0.26605401057682521
9.139999999999894,0.20161999999999999,0.20161999999999999,-0.081353525141570904,0.24540119378435277,0.0,0.0,-0.081353525141570904,0.24540119378435277
9.159999999999894,0.20161999999999999,0.20161999999999999,-0.071062893931431281,0.23470182204079393,-0.0,-0.0,-0.071062893931431281,0.23470182204079393
9.179999999999893,0.20161999999999999,0.20161999999999999,-0.055632975883841418,0.21102143366390558,-0.0,-0.0,-0.055632975883841418,0.21102143366390558
9.199999999999893,0.20161999999999999,0.20161999999999999,-0.041065400721675083,0.20582364675305409,0.0,0.0,-0.041065400721675083,0.20582364675305409
9.219999999999892,0.20161999999999999,0.20161999999999999,-0.017359965443187297,0.18598611407981558,0.0,0.0,-0.017359965443187297,0.18598611407981558
9.239999999999892,0.20161999999999999,0.20161999999999999,0.035525249348387744,0.16074396745020181,0.0,0.0,0.035525249348387744,0.16074396745020181
9.259999999999891,0.20161999999999999,0.20161999999999999,0.052443205524737913,0.15323658629620796,-0.0,-0.0,0.052443205524737913,0.15323658629620796
9.279999999999891,0.20161999999999999,0.20161999999999999,0.059465692436897921,0.12463054368585169,-0.0,-0.0,0.059465692436897921,0.12463054368585169
9.29999999999989,0.20161999999999999,0.20161999999999999,0.10530746893190934,0.093091777364181061,0.0,0.0,0.10530746893190934,0.093091777364181061
